control_CIK,control_broad_category,control_company,control_sic,control_size_bucket,distance_assets,distance_gross_margin,distance_leverage,distance_market_cap_if_available,distance_operating_margin,distance_pretrend,distance_revenue,distance_revenue_growth,match_quality,match_rank,notes,overall_match_distance,replacement_used,treated_CIK,treated_broad_category,treated_company,treated_sic,treated_size_bucket
0000100517,Entertainment,"United Airlines Holdings, Inc.",4512,Large-scale revenue proxy,0.06786650891270818,,,,0.0029186791620658403,0.04489633428974113,0.031089522340775666,0.00474407468744395,HIGH,1,Nearest available control using pre-2020 standardized financial distance plus industry penalties.,0.035648015844496235,False,0000006201,Entertainment,American Airlines Group Inc.,4512,Large-scale revenue proxy
0001467858,Automotive,General Motors Co,3711,Large-scale revenue proxy,1.571016398263947,,0.9697615318844459,,,,,,LOW,1,Nearest available control using pre-2020 standardized financial distance plus industry penalties.,1.9660604642597503,False,0000016988,Home & Appliances,CANON INC,3861,Unclassified
0000895447,Apparel & Personal Care,SHOE STATION GROUP INC,5661,Small-scale revenue proxy,0.02890519605908226,0.3652551022069483,,,0.0002612669048480537,0.42825695404128816,0.019488236666351133,0.029444217165899053,HIGH,1,Nearest available control using pre-2020 standardized financial distance plus industry penalties.,0.22574036679656884,False,0000018255,Apparel & Personal Care,CATO CORP,5621,Small-scale revenue proxy
0000935703,Apparel & Personal Care,"DOLLAR TREE, INC.",5331,Large-scale revenue proxy,0.4039944972669286,0.05640653864762046,,,0.0017919108066182313,0.49857848395474,0.6597521897976928,0.008780427616420713,HIGH,1,Nearest available control using pre-2020 standardized financial distance plus industry penalties.,0.32602475045564455,False,0000027419,Apparel & Personal Care,TARGET CORP,5331,Large-scale revenue proxy
0001319947,Apparel & Personal Care,Designer Brands Inc.,5661,Mid-scale revenue proxy,0.17073849431458396,0.21642951710055208,,,,0.35383526394040193,0.3290456546549732,0.050202360744301594,HIGH,1,Nearest available control using pre-2020 standardized financial distance plus industry penalties.,0.279386259607052,False,0000028917,Apparel & Personal Care,"DILLARD'S, INC.",5311,Mid-scale revenue proxy
0000723254,Apparel & Personal Care,CINTAS CORP,2320,Mid-scale revenue proxy,0.5794913946258694,,,,0.013107251142000523,0.21295861237079997,0.7681270073663136,0.024195703058730242,HIGH,1,Nearest available control using pre-2020 standardized financial distance plus industry penalties.,0.5227473937049796,False,0000029534,Apparel & Personal Care,DOLLAR GENERAL CORP,5331,Large-scale revenue proxy
0000745732,Apparel & Personal Care,"ROSS STORES, INC.",5651,Large-scale revenue proxy,0.1967021532791663,0.5170919868816687,,,,0.31216980836594577,0.011699354231655357,0.034136620024577985,HIGH,1,Nearest available control using pre-2020 standardized financial distance plus industry penalties.,0.30002124584549555,False,0000039911,Apparel & Personal Care,GAP INC,5651,Large-scale revenue proxy
0001318605,Automotive,"Tesla, Inc.",3711,Large-scale revenue proxy,,,,,,,,,REVIEW,1,Nearest available control using pre-2020 standardized financial distance plus industry penalties.,3.4,False,0000041091,,GEORGIA POWER CO,4911,
0001521332,Automotive,Aptiv PLC,3714,Large-scale revenue proxy,0.12628540574868596,0.15497965243278522,0.08032406463600114,,,0.03897968607163804,0.01470465134496779,0.07611146839824123,HIGH,1,Nearest available control using pre-2020 standardized financial distance plus industry penalties.,0.1302007241916893,False,0000042582,Automotive,GOODYEAR TIRE & RUBBER CO /OH/,3011,Large-scale revenue proxy
0001137789,Electronics & Technology,Seagate Technology Holdings plc,3572,Large-scale revenue proxy,0.6852976463548011,0.5575936042883991,,,0.010552197392560567,0.16218544213786423,0.9553791440899417,0.05535293870590252,HIGH,1,Nearest available control using pre-2020 standardized financial distance plus industry penalties.,0.7560587716033296,False,0000047217,Electronics & Technology,HP INC,3570,Large-scale revenue proxy
0000089800,Home & Appliances,SHERWIN WILLIAMS CO,5200,Large-scale revenue proxy,0.3386332469205735,0.6025602295164949,,,0.01328814594115281,0.5761964858488516,0.912637610966245,0.08738037472782373,HIGH,1,Nearest available control using pre-2020 standardized financial distance plus industry penalties.,0.4345496280939193,False,0000060667,Home & Appliances,LOWES COMPANIES INC,5211,Large-scale revenue proxy
0000815097,Entertainment,Carnival Corp Ltd.,4400,Large-scale revenue proxy,0.4617782652834137,,,,,0.13076622078878625,0.22961612466961645,0.026341515832320084,HIGH,1,Nearest available control using pre-2020 standardized financial distance plus industry penalties.,0.26634395570022684,False,0000086312,Entertainment,"TRAVELERS COMPANIES, INC.",6331,Large-scale revenue proxy
0001530721,Apparel & Personal Care,Capri Holdings Ltd,3100,Mid-scale revenue proxy,0.22892854993266054,0.5283887417916869,0.1166918973974383,,0.005439938386241253,0.009282885683999903,0.5361267752080812,0.03544661126060232,HIGH,1,Nearest available control using pre-2020 standardized financial distance plus industry penalties.,0.4199624537149167,False,0000103379,Apparel & Personal Care,V F CORP,2320,Large-scale revenue proxy
0000064803,Apparel & Personal Care,CVS HEALTH Corp,5912,Large-scale revenue proxy,0.007379044385604772,0.1007520960275895,,,0.0009246831342222608,0.5093166846131049,0.37402761674302765,0.0629229866057487,HIGH,1,Nearest available control using pre-2020 standardized financial distance plus industry penalties.,0.3409372064385198,False,0000104169,Apparel & Personal Care,Walmart Inc.,5331,Large-scale revenue proxy
0001316835,Home & Appliances,"Builders FirstSource, Inc.",5211,Mid-scale revenue proxy,0.9092849473201847,0.45241956007034867,,,0.0001977111188991229,1.2067223061485421,0.5686760379613416,0.037493490218259,HIGH,1,Nearest available control using pre-2020 standardized financial distance plus industry penalties.,0.8059277412124352,False,0000106640,Home & Appliances,WHIRLPOOL CORP /DE/,3630,Large-scale revenue proxy
0001096752,Apparel & Personal Care,EDGEWELL PERSONAL CARE Co,2844,Mid-scale revenue proxy,0.219409274711516,0.5270372595746339,0.13127894094786982,,0.021057856845306616,0.4445683425571094,,0.06576376321375191,HIGH,1,Nearest available control using pre-2020 standardized financial distance plus industry penalties.,0.4677645627398902,False,0000109177,Apparel & Personal Care,"Spectrum Brands Holdings, Inc.",3690,Unclassified
0001760965,Apparel & Personal Care,"Kontoor Brands, Inc.",2320,Mid-scale revenue proxy,0.25393669082900516,0.06290327050988481,,,0.0032002729343275776,,0.06298953342400355,,HIGH,1,Nearest available control using pre-2020 standardized financial distance plus industry penalties.,0.1208648940945472,False,0000110471,Apparel & Personal Care,WOLVERINE WORLD WIDE INC /DE/,3140,Mid-scale revenue proxy
0000051143,Electronics & Technology,INTERNATIONAL BUSINESS MACHINES CORP,3570,Large-scale revenue proxy,2.5939577752936533,,0.1684444090336186,,,,,,LOW,1,Nearest available control using pre-2020 standardized financial distance plus industry penalties.,1.6524578611393912,False,0000313838,Electronics & Technology,Sony Group Corp,3651,Unclassified
0000094845,Apparel & Personal Care,LEVI STRAUSS & CO,2300,Mid-scale revenue proxy,0.8905585974380302,0.48641179837217235,,,,0.09679542265125587,0.889736999186012,0.009746083783411005,HIGH,1,Nearest available control using pre-2020 standardized financial distance plus industry penalties.,0.6896387618104868,False,0000320187,Apparel & Personal Care,"NIKE, Inc.",3021,Large-scale revenue proxy
0001571996,Electronics & Technology,Dell Technologies Inc.,3571,Large-scale revenue proxy,0.5723825611636866,0.7330380678032833,0.6347028594228451,,0.05457786786672535,0.9279255789175009,0.5815733639515033,0.0971962831179873,HIGH,1,Nearest available control using pre-2020 standardized financial distance plus industry penalties.,0.5916675012610482,False,0000320193,Electronics & Technology,Apple Inc.,3571,Large-scale revenue proxy
0000815556,Home & Appliances,FASTENAL CO,5200,Mid-scale revenue proxy,1.344281273376922,0.7588013386117831,,,0.010466353214181906,0.14203889036786294,1.6699928599613145,0.02911240495618729,MEDIUM,1,Nearest available control using pre-2020 standardized financial distance plus industry penalties.,0.9115212633100348,False,0000354950,Home & Appliances,"HOME DEPOT, INC.",5211,Large-scale revenue proxy
0000932696,Apparel & Personal Care,INSIGHT ENTERPRISES INC,5961,Mid-scale revenue proxy,0.4825338299946217,1.1819826344553674,,,0.009304508290558205,0.4462038281447541,0.03300113000680727,0.06726848466530327,HIGH,1,Nearest available control using pre-2020 standardized financial distance plus industry penalties.,0.4811133014025049,False,0000701985,Apparel & Personal Care,"Bath & Body Works, Inc.",5990,Mid-scale revenue proxy
0000066382,Home & Appliances,"MILLERKNOLL, INC.",2520,Mid-scale revenue proxy,0.49042964230485747,0.034651192481436444,0.39890747809706234,,0.0013926286065291948,0.012209899865129714,,0.007204866423910064,HIGH,1,Nearest available control using pre-2020 standardized financial distance plus industry penalties.,0.36505670892937536,False,0000719955,Home & Appliances,WILLIAMS SONOMA INC,5700,Unclassified
0000092380,Entertainment,SOUTHWEST AIRLINES CO,4512,Large-scale revenue proxy,1.5806537997285923,,,,0.0003059965136107956,0.08171488917465078,1.1520758159737072,0.0017588278044266964,LOW,1,Nearest available control using pre-2020 standardized financial distance plus industry penalties.,1.547522406594551,False,0000732717,Home & Appliances,AT&T INC.,4813,Large-scale revenue proxy
0000028823,Electronics & Technology,"DIEBOLD NIXDORF, Inc",3578,Mid-scale revenue proxy,0.6328925510312622,0.0749188510768598,,,0.013849318952094104,0.7675608519994211,1.0209204286308224,0.10778280581187503,HIGH,1,Nearest available control using pre-2020 standardized financial distance plus industry penalties.,0.6604698224701714,False,0000764478,Electronics & Technology,BEST BUY CO INC,5731,Large-scale revenue proxy
0000078814,Electronics & Technology,PITNEY BOWES INC /DE/,3579,Mid-scale revenue proxy,0.0749043318727074,,,,,0.29722168196086257,0.12182350105335726,0.0027860473439221406,HIGH,1,Nearest available control using pre-2020 standardized financial distance plus industry penalties.,0.16979760477904568,False,0000769397,Electronics & Technology,"Autodesk, Inc.",7372,Mid-scale revenue proxy
0000068505,Electronics & Technology,"Motorola Solutions, Inc.",3663,Mid-scale revenue proxy,1.7016882692611293,0.8682301622848885,,,0.02242616877820508,0.10186350174045221,1.5273604608996982,0.02010730452756975,MEDIUM,1,Nearest available control using pre-2020 standardized financial distance plus industry penalties.,0.9872138422786838,False,0000789019,Electronics & Technology,MICROSOFT CORP,7372,Large-scale revenue proxy
0000040211,Sports & Leisure,GATX CORP,4700,Small-scale revenue proxy,0.12380809073425686,,,,,0.13731276563374245,0.6198844232198566,0.01221178681954066,HIGH,1,Nearest available control using pre-2020 standardized financial distance plus industry penalties.,0.553326961683958,False,0000793952,Sports & Leisure,"HARLEY-DAVIDSON, INC.",3751,Mid-scale revenue proxy
0001024305,Apparel & Personal Care,COTY INC.,2844,Mid-scale revenue proxy,0.09356687568143218,1.1923707986502314,,,0.035921369973419146,1.380027361577934,0.5755454350739378,0.21086936259575828,HIGH,1,Nearest available control using pre-2020 standardized financial distance plus industry penalties.,0.7953627440800766,False,0000794367,Apparel & Personal Care,"Macy's, Inc.",5311,Large-scale revenue proxy
0001318484,Apparel & Personal Care,Citi Trends Inc,5600,Small-scale revenue proxy,0.45783811225026916,,0.14294973425281396,,0.001828377423477183,0.0636106447576811,0.3406173315829571,0.018225638584524556,HIGH,1,Nearest available control using pre-2020 standardized financial distance plus industry penalties.,0.2237523649945212,False,0000799288,Apparel & Personal Care,"LANDS' END, INC.",5651,Small-scale revenue proxy
0000063276,Kids & Toys,MATTEL INC /DE/,3942,Mid-scale revenue proxy,0.5567891846796471,0.2304742591451044,,,0.03673458940169906,0.5059536318861805,0.4238112534002887,0.10464748598065299,HIGH,1,Nearest available control using pre-2020 standardized financial distance plus industry penalties.,0.4544531004595855,False,0000814453,Kids & Toys,NEWELL BRANDS INC.,3089,Mid-scale revenue proxy
0000075362,Automotive,PACCAR INC,3711,Large-scale revenue proxy,0.01138632113849214,,,,,0.21615566659837337,0.27827790033767896,0.06096402813093679,LOW,1,Nearest available control using pre-2020 standardized financial distance plus industry penalties.,0.9288911142664392,False,0000823768,,WASTE MANAGEMENT INC,4953,Large-scale revenue proxy
0000837465,Kids & Toys,Callaway Golf Co,3949,Small-scale revenue proxy,0.022090843863304066,0.25704711381660933,,,0.025415808477006606,0.6625075155297036,0.20018590057862085,0.1624118344777702,HIGH,1,Nearest available control using pre-2020 standardized financial distance plus industry penalties.,0.49344421041691217,False,0000866729,Kids & Toys,SCHOLASTIC CORP,2731,Small-scale revenue proxy
0000898173,Automotive,O REILLY AUTOMOTIVE INC,5531,Large-scale revenue proxy,0.04119672694549481,0.016002503226689502,,,0.0021661075372287897,0.08163475477713951,0.08603113920717509,0.016314647241803898,HIGH,1,Nearest available control using pre-2020 standardized financial distance plus industry penalties.,0.06458972882941842,False,0000866787,Automotive,AUTOZONE INC,5531,Large-scale revenue proxy
0001041803,Apparel & Personal Care,PRICESMART INC,5331,Mid-scale revenue proxy,0.11025004896001772,,,,0.019278388376905424,0.5110912167344646,0.18320050591180817,0.07075361822410217,HIGH,1,Nearest available control using pre-2020 standardized financial distance plus industry penalties.,0.2759220459509132,False,0000883569,Apparel & Personal Care,"Fossil Group, Inc.",3873,Mid-scale revenue proxy
0000766421,Entertainment,"ALASKA AIR GROUP, INC.",4512,Mid-scale revenue proxy,0.43788830125265066,,,,0.012643790765293497,0.33916235815649515,0.1217609176784753,0.04233209174910572,HIGH,1,Nearest available control using pre-2020 standardized financial distance plus industry penalties.,0.3678359352997119,False,0000884887,Entertainment,ROYAL CARIBBEAN CRUISES LTD,4400,Large-scale revenue proxy
0000913241,Apparel & Personal Care,"STEVEN MADDEN, LTD.",3140,Small-scale revenue proxy,0.20023285575951522,0.17808051758634452,0.5017479256689181,,0.0045938839565456135,0.6644028432569453,0.22474438871396213,0.06836883634724883,HIGH,1,Nearest available control using pre-2020 standardized financial distance plus industry penalties.,0.3282733264536192,False,0000885245,Apparel & Personal Care,BUCKLE INC,5651,Small-scale revenue proxy
0001639300,Apparel & Personal Care,"Ollie's Bargain Outlet Holdings, Inc.",5331,Small-scale revenue proxy,1.1421387843051416,0.08294314207614373,,,0.011080582080279407,0.8357682988009152,1.4624575117431282,0.08433110772182002,HIGH,1,Nearest available control using pre-2020 standardized financial distance plus industry penalties.,0.8324392072483514,False,0000885639,Apparel & Personal Care,KOHLS Corp,5311,Large-scale revenue proxy
0000037996,Automotive,FORD MOTOR CO,3711,Large-scale revenue proxy,0.39683729633691844,,0.21124173747141345,,,0.08483610508231218,0.6891771679976189,0.02656501770972866,LOW,1,Nearest available control using pre-2020 standardized financial distance plus industry penalties.,1.120127260599543,False,0000899051,,ALLSTATE CORP,6331,Large-scale revenue proxy
0000921738,Entertainment,"PENN Entertainment, Inc.",7011,Mid-scale revenue proxy,0.12479506413927155,,0.47052783543417354,,0.024090703486409473,0.10015243435365045,0.21251176097535363,0.03881293248231301,LOW,1,Nearest available control using pre-2020 standardized financial distance plus industry penalties.,0.9568968301500395,False,0000908937,Electronics & Technology,SIRIUS XM HOLDINGS INC.,4832,Mid-scale revenue proxy
0001670541,Automotive,Adient plc,3714,Large-scale revenue proxy,0.7644122382901353,0.250728612609596,,,,0.4244688372031978,1.2261368854831205,0.04967795025698897,LOW,1,Nearest available control using pre-2020 standardized financial distance plus industry penalties.,1.4498227161919996,False,0000909832,Apparel & Personal Care,COSTCO WHOLESALE CORP /NEW,5331,Large-scale revenue proxy
0000075288,Apparel & Personal Care,OXFORD INDUSTRIES INC,2320,Small-scale revenue proxy,0.16685228602524133,0.5075459065683776,,,0.012222140539461114,0.27710699958486734,0.32396335499976714,0.004539406256247838,HIGH,1,Nearest available control using pre-2020 standardized financial distance plus industry penalties.,0.444811830396054,False,0000910521,Apparel & Personal Care,DECKERS OUTDOOR CORP,3021,Mid-scale revenue proxy
0001610250,Apparel & Personal Care,"Boot Barn Holdings, Inc.",5661,Small-scale revenue proxy,0.6318616077626582,0.16074351486063743,0.6560002643877665,,0.003110813840302429,0.4818286417409342,0.8968320199781439,0.03433884554100883,HIGH,1,Nearest available control using pre-2020 standardized financial distance plus industry penalties.,0.7862541506475225,False,0000912615,Apparel & Personal Care,URBAN OUTFITTERS INC,5651,Mid-scale revenue proxy
0001206264,Home & Appliances,SOMNIGROUP INTERNATIONAL INC.,2510,Mid-scale revenue proxy,0.2824895764831531,0.4159982079767176,0.42764716006499753,,0.0029461798985350174,0.49225979363403616,0.545450520796887,0.05917483958327413,HIGH,1,Nearest available control using pre-2020 standardized financial distance plus industry penalties.,0.3176759267243415,False,0000916365,Home & Appliances,TRACTOR SUPPLY CO /DE/,5200,Mid-scale revenue proxy
0001547459,Apparel & Personal Care,"Natural Grocers by Vitamin Cottage, Inc.",5411,Small-scale revenue proxy,1.1988472030761017,0.5257350299610406,,,0.010657553656815526,0.04974338226569646,0.8612842441099499,0.03981934964946832,HIGH,1,Nearest available control using pre-2020 standardized financial distance plus industry penalties.,0.7582761786088048,False,0000919012,Apparel & Personal Care,AMERICAN EAGLE OUTFITTERS INC,5651,Mid-scale revenue proxy
0001158463,Entertainment,JETBLUE AIRWAYS CORP,4512,Mid-scale revenue proxy,0.05106837209063597,,,,0.016940672394743665,0.19318655589380376,0.3351323922459949,0.019476281261983662,LOW,1,Nearest available control using pre-2020 standardized financial distance plus industry penalties.,1.059870323136872,False,0001001250,Apparel & Personal Care,ESTEE LAUDER COMPANIES INC,2844,Large-scale revenue proxy
0000829224,Entertainment,STARBUCKS CORP,5810,Large-scale revenue proxy,1.2718363322410324,1.217508965356208,,,0.023698921077862513,0.983989868953129,1.300923420045683,0.1281599762561229,LOW,1,Nearest available control using pre-2020 standardized financial distance plus industry penalties.,1.554296048233799,False,0001018724,Apparel & Personal Care,AMAZON COM INC,5961,Large-scale revenue proxy
0000865752,Automotive,Monster Beverage Corp,2086,Mid-scale revenue proxy,0.1923365795743975,0.07469403354368231,,,0.06273783343369191,0.3981587875488169,0.08158784634609599,0.049617008454604955,LOW,1,Nearest available control using pre-2020 standardized financial distance plus industry penalties.,0.9441407052747458,False,0001018840,Apparel & Personal Care,ABERCROMBIE & FITCH CO /DE/,5651,Mid-scale revenue proxy
0000936395,Electronics & Technology,CIENA CORP,3661,Mid-scale revenue proxy,0.3380158495014993,0.36358187895533983,0.0552934553299399,,0.00244544082706602,0.12184956749936335,0.27637516417501906,0.010038319709942213,HIGH,1,Nearest available control using pre-2020 standardized financial distance plus industry penalties.,0.2957199085188307,False,0001032975,Electronics & Technology,LOGITECH INTERNATIONAL S.A.,3577,Mid-scale revenue proxy
0001058090,Entertainment,CHIPOTLE MEXICAN GRILL INC,5812,Mid-scale revenue proxy,0.07856380501847054,,0.5350707993496413,,0.004583930189133785,,0.06742963125607121,0.11521302007535347,LOW,1,Nearest available control using pre-2020 standardized financial distance plus industry penalties.,0.9780815562271152,False,0001037038,Apparel & Personal Care,RALPH LAUREN CORP,2320,Mid-scale revenue proxy
0000895456,Apparel & Personal Care,"ROCKY BRANDS, INC.",3140,Micro-scale revenue proxy,0.9029619666266852,0.16274015571905281,1.4390242968638272,,3.6053258012473666e-05,0.17070890040131126,0.8897742740251431,0.01580722012169912,HIGH,1,Nearest available control using pre-2020 standardized financial distance plus industry penalties.,0.7676432284853263,False,0001041859,Apparel & Personal Care,"Childrens Place, Inc.",5651,Small-scale revenue proxy
0000926326,Electronics & Technology,"OMNICELL, INC.",3571,Small-scale revenue proxy,1.2253951555461107,0.7549605565157564,0.05176860335131628,,0.05389762209433579,0.9088288133973608,1.4806878557503418,0.19190695853766948,MEDIUM,1,Nearest available control using pre-2020 standardized financial distance plus industry penalties.,0.9068164636619775,False,0001045810,Electronics & Technology,NVIDIA CORP,3674,Mid-scale revenue proxy
0001585689,Entertainment,Hilton Worldwide Holdings Inc.,7011,Mid-scale revenue proxy,0.2665003342654426,,,,0.011568015869444087,0.8465021666433876,0.43946839515832536,0.1008144980800317,HIGH,1,Nearest available control using pre-2020 standardized financial distance plus industry penalties.,0.5406675413795133,False,0001048286,Entertainment,MARRIOTT INTERNATIONAL INC /MD/,7011,Large-scale revenue proxy
0001507079,Home & Appliances,"Floor & Decor Holdings, Inc.",5211,Mid-scale revenue proxy,0.11994687433544285,0.38129279136424865,0.7232789936305912,,0.005016198850327239,0.5276619192589062,0.218946005955681,0.07613596210027815,LOW,1,Nearest available control using pre-2020 standardized financial distance plus industry penalties.,1.0871964088762889,False,0001050797,Apparel & Personal Care,COLUMBIA SPORTSWEAR CO,2300,Mid-scale revenue proxy
0001385280,Entertainment,"Cinemark Holdings, Inc.",7830,Mid-scale revenue proxy,0.3875252633502989,,,,0.0013030933835532915,0.10340456309027804,0.038308002198823,0.005219316590977796,LOW,1,Nearest available control using pre-2020 standardized financial distance plus industry penalties.,0.904048963639289,False,0001060822,Apparel & Personal Care,CARTERS INC,2300,Mid-scale revenue proxy
0001546417,Entertainment,"Bloomin' Brands, Inc.",5812,Mid-scale revenue proxy,0.8376827532800731,0.45038774873015397,0.2598744651591037,,0.0339574036196377,0.03225588253656886,0.5288198971660895,0.04247708784794908,LOW,1,Nearest available control using pre-2020 standardized financial distance plus industry penalties.,1.2951038757412325,False,0001065088,Kids & Toys,EBAY INC,7389,Large-scale revenue proxy
0000746515,Sports & Leisure,EXPEDITORS INTERNATIONAL OF WASHINGTON INC,4731,Mid-scale revenue proxy,0.9080909762530082,,,,0.04616975555638053,0.48792262635523437,0.19893433868992472,0.012381616722197467,HIGH,1,Nearest available control using pre-2020 standardized financial distance plus industry penalties.,0.5744121370083801,False,0001075531,Sports & Leisure,Booking Holdings Inc.,4700,Large-scale revenue proxy
0000057131,Home & Appliances,LA-Z-BOY INC,2510,Small-scale revenue proxy,0.2884544952800141,0.11949101595307826,,,0.018133996914095937,0.0064802096156249545,0.18469749198885088,0.014849609758001606,HIGH,1,Nearest available control using pre-2020 standardized financial distance plus industry penalties.,0.5806882333075534,False,0001084869,Home & Appliances,1 800 FLOWERS COM INC,5990,Small-scale revenue proxy
0000726958,Automotive,CASEYS GENERAL STORES INC,5500,Mid-scale revenue proxy,0.2969239914273153,0.3981407377054291,,,,0.15184587317809323,0.03669704407877172,0.032959257265813134,LOW,1,Nearest available control using pre-2020 standardized financial distance plus industry penalties.,0.9489249913721756,False,0001089063,Apparel & Personal Care,"DICK'S SPORTING GOODS, INC.",5940,Mid-scale revenue proxy
0000033488,Kids & Toys,ESCALADE INC,3949,Micro-scale revenue proxy,0.35664435934388816,0.7079970344474914,,,,0.6295299807122887,0.07726265314640468,0.06695130638735351,HIGH,1,Nearest available control using pre-2020 standardized financial distance plus industry penalties.,0.4550197779112605,False,0001113809,Kids & Toys,BUILD-A-BEAR WORKSHOP INC,5945,Micro-scale revenue proxy
0001395942,Automotive,"OPENLANE, Inc.",5500,Mid-scale revenue proxy,0.02274120895536519,,,,0.00750503073967182,,0.42632780651953056,0.2048357582898949,LOW,1,Nearest available control using pre-2020 standardized financial distance plus industry penalties.,1.1123328280953653,False,0001116132,Apparel & Personal Care,"TAPESTRY, INC.",3100,Mid-scale revenue proxy
0001002047,Electronics & Technology,"NetApp, Inc.",3572,Mid-scale revenue proxy,0.18026185785599258,0.24133718860726683,,,0.008423631361191328,0.17359662715249252,,0.0026169102053574395,HIGH,1,Nearest available control using pre-2020 standardized financial distance plus industry penalties.,0.5345269446134164,False,0001121788,Electronics & Technology,GARMIN LTD,3812,Unclassified
0000701719,Apparel & Personal Care,Envela Corp,5944,Micro-scale revenue proxy,1.4152801985708867,0.0589239576884073,0.0268731673476848,,0.019659805439830376,0.4905052843720383,1.4257610158996932,0.16044808630067595,HIGH,1,Nearest available control using pre-2020 standardized financial distance plus industry penalties.,0.8860347121788282,False,0001130713,Apparel & Personal Care,"BED BATH & BEYOND, INC.",5961,Small-scale revenue proxy
0000062234,Entertainment,MARCUS CORP,7830,Small-scale revenue proxy,0.40840732020686243,,,,0.010407695132152173,0.33126297808817023,,0.05733426434862255,LOW,1,Nearest available control using pre-2020 standardized financial distance plus industry penalties.,1.122420964823339,False,0001132105,Apparel & Personal Care,"SPORTSMAN'S WAREHOUSE HOLDINGS, INC.",5940,Unclassified
0001669779,Automotive,"Camping World Holdings, Inc.",5500,Mid-scale revenue proxy,0.6218828124680937,0.8537959859186002,,,0.005462084897669493,0.3377244056999813,0.37797662359766954,0.03953774179785466,HIGH,1,Nearest available control using pre-2020 standardized financial distance plus industry penalties.,0.39737449640053696,False,0001158449,Automotive,ADVANCE AUTO PARTS INC,5531,Mid-scale revenue proxy
0001345126,Home & Appliances,Compass Diversified Holdings,2510,Small-scale revenue proxy,0.017922434955500888,0.02764297686904882,0.5468264228919012,,0.011529076012932522,0.15289876371609123,0.13326868105062373,0.015873642528680967,LOW,1,Nearest available control using pre-2020 standardized financial distance plus industry penalties.,0.9972295635160666,False,0001177609,Apparel & Personal Care,"FIVE BELOW, INC",5331,Small-scale revenue proxy
0001617406,Entertainment,Park Hotels & Resorts Inc.,7011,Mid-scale revenue proxy,0.1443017335612764,,0.27676979224897474,,0.0020212258315492615,0.2780313988163246,0.5361118355949837,0.09427527409266638,LOW,1,Nearest available control using pre-2020 standardized financial distance plus industry penalties.,0.9939625884840733,False,0001254699,Apparel & Personal Care,QVC INC,5961,Mid-scale revenue proxy
0001019849,Automotive,"PENSKE AUTOMOTIVE GROUP, INC.",5500,Large-scale revenue proxy,0.274335684502783,,0.24139833595695875,,,,,,LOW,1,Nearest available control using pre-2020 standardized financial distance plus industry penalties.,1.112080291799752,False,0001258602,,NELNET INC,6141,Unclassified
0000940944,Entertainment,DARDEN RESTAURANTS INC,5812,Mid-scale revenue proxy,0.8190198455908195,,0.3059342435514132,,,,,,HIGH,1,Nearest available control using pre-2020 standardized financial distance plus industry penalties.,0.6713715668803615,False,0001269238,Entertainment,Trip.com Group Ltd,7389,Unclassified
0001511737,Electronics & Technology,Ubiquiti Inc.,3663,Small-scale revenue proxy,0.07223188283509929,0.11061407789828981,0.6119030540134104,,0.07127843367640928,,0.20137711008932363,0.014085624028346191,HIGH,1,Nearest available control using pre-2020 standardized financial distance plus industry penalties.,0.7177142433530376,False,0001314727,Electronics & Technology,Sonos Inc,3651,Small-scale revenue proxy
0001009829,Kids & Toys,JAKKS PACIFIC INC,3944,Small-scale revenue proxy,,,,,,,,,REVIEW,1,Nearest available control using pre-2020 standardized financial distance plus industry penalties.,2.65,False,0001315098,Kids & Toys,Roblox Corp,7372,
0000868780,Automotive,"Dorman Products, Inc.",3714,Small-scale revenue proxy,0.06712107131275524,0.19225102348199508,,,0.019627095033907714,0.1525846930981475,0.023308014943522637,0.01450606209588197,LOW,1,Nearest available control using pre-2020 standardized financial distance plus industry penalties.,0.8972720195636761,False,0001318008,Apparel & Personal Care,Zumiez Inc,5600,Small-scale revenue proxy
0001682745,Sports & Leisure,VERRA MOBILITY Corp,4700,Small-scale revenue proxy,1.4067592947446663,,,,0.02995061332857081,,,,MEDIUM,1,Nearest available control using pre-2020 standardized financial distance plus industry penalties.,1.040590563109513,False,0001324424,Sports & Leisure,"Expedia Group, Inc.",4700,Unclassified
0001375365,Electronics & Technology,"Super Micro Computer, Inc.",3571,Mid-scale revenue proxy,0.26678945877468835,0.8936501289040675,0.8201943258955811,,0.01512204034944245,1.3284945291152321,0.3384078855893836,0.08973276191794706,HIGH,1,Nearest available control using pre-2020 standardized financial distance plus industry penalties.,0.5953286282411852,False,0001326380,Electronics & Technology,GameStop Corp.,5734,Mid-scale revenue proxy
0001046311,Entertainment,CHOICE HOTELS INTERNATIONAL INC /DE,7011,Small-scale revenue proxy,0.32535574432630987,,0.46816445058072786,,0.044629768991080065,0.32281656109501233,0.054483019351582174,0.0014634713413410744,LOW,1,Nearest available control using pre-2020 standardized financial distance plus industry penalties.,0.9990603431653018,False,0001334036,Apparel & Personal Care,"Crocs, Inc.",3021,Small-scale revenue proxy
0001319161,Entertainment,Warner Music Group Corp.,7900,Mid-scale revenue proxy,0.1121039600964964,0.0361802197172601,1.170125204912695,,0.016665682247118015,0.13364848648017888,0.08987181107554224,0.05812071008882914,LOW,1,Nearest available control using pre-2020 standardized financial distance plus industry penalties.,1.17341960940395,False,0001336917,Apparel & Personal Care,"Under Armour, Inc.",2300,Mid-scale revenue proxy
0001041061,Entertainment,YUM BRANDS INC,5812,Mid-scale revenue proxy,,,,,,,,,REVIEW,1,Nearest available control using pre-2020 standardized financial distance plus industry penalties.,2.65,False,0001337634,Entertainment,"StubHub Holdings, Inc.",7990,
0000003453,Entertainment,"Matson, Inc.",4400,Mid-scale revenue proxy,0.15735060076909616,,,,0.009171588927778848,0.2776678070094601,0.3115821606117213,0.032474478700925055,LOW,1,Nearest available control using pre-2020 standardized financial distance plus industry penalties.,0.9483196109055633,False,0001368458,Apparel & Personal Care,"Sally Beauty Holdings, Inc.",5990,Mid-scale revenue proxy
0001637207,Entertainment,"Planet Fitness, Inc.",7997,Small-scale revenue proxy,0.055487861579403996,0.3207881129614494,,,0.0497638492161839,0.2384248218953411,0.09505006401713645,0.03259694570996835,LOW,1,Nearest available control using pre-2020 standardized financial distance plus industry penalties.,0.9306403198212179,False,0001370637,Apparel & Personal Care,ETSY INC,7389,Small-scale revenue proxy
0000933034,Automotive,STRATTEC SECURITY CORP,3714,Small-scale revenue proxy,0.655554621855025,0.8633574311107937,,,0.005511769483594352,0.42597231456264334,0.44399078726234786,0.05082804556227585,HIGH,1,Nearest available control using pre-2020 standardized financial distance plus industry penalties.,0.5725486352520931,False,0001378950,Automotive,"CarParts.com, Inc.",5531,Micro-scale revenue proxy
0001636519,Entertainment,Madison Square Garden Sports Corp.,7990,Small-scale revenue proxy,0.07084850054649211,,0.2973397920500126,,0.04241711728963485,0.22316124203432086,,0.006252881143578012,LOW,1,Nearest available control using pre-2020 standardized financial distance plus industry penalties.,1.0554969952160358,False,0001397187,Apparel & Personal Care,lululemon athletica inc.,2300,Unclassified
0001289460,Entertainment,"Texas Roadhouse, Inc.",5812,Mid-scale revenue proxy,0.46348392151024753,,0.18769379974755804,,0.009227913619844083,0.38243587276281765,0.5444702691634454,0.02285663294115179,LOW,1,Nearest available control using pre-2020 standardized financial distance plus industry penalties.,1.0595670152534848,False,0001403568,Apparel & Personal Care,"Ulta Beauty, Inc.",5990,Mid-scale revenue proxy
0001747079,Entertainment,Bally's Corp,7011,Small-scale revenue proxy,0.1879746902611641,,0.6421859767908573,,0.05171203792058376,,0.4236818612327419,,LOW,1,Nearest available control using pre-2020 standardized financial distance plus industry penalties.,1.618175512198547,False,0001428439,Kids & Toys,"ROKU, INC",4841,Small-scale revenue proxy
0000069633,Electronics & Technology,"NAPCO SECURITY TECHNOLOGIES, INC",3669,Micro-scale revenue proxy,0.5724424939521808,1.28419306309615,0.7691223519207618,,0.004652033326755248,1.3569091798549395,0.5024382900185249,0.15724735852790614,HIGH,1,Nearest available control using pre-2020 standardized financial distance plus industry penalties.,0.696915249115344,False,0001433195,Electronics & Technology,APPFOLIO INC,7372,Micro-scale revenue proxy
0000804328,Electronics & Technology,QUALCOMM INC/DE,3663,Large-scale revenue proxy,,,,,,,,,REVIEW,1,Nearest available control using pre-2020 standardized financial distance plus industry penalties.,3.4,False,0001484778,Apparel & Personal Care,ThredUp Inc.,5961,
0000807882,Entertainment,JACK IN THE BOX INC,5812,Small-scale revenue proxy,0.26048166758494945,0.37214334430563467,,,0.04025043525075029,0.4385269676200919,0.46772207952640077,0.014225552471329145,LOW,1,Nearest available control using pre-2020 standardized financial distance plus industry penalties.,1.436819918462683,False,0001490281,Kids & Toys,"Groupon, Inc.",7311,Mid-scale revenue proxy
0000002186,Electronics & Technology,BK Technologies Corp,3663,Micro-scale revenue proxy,0.64172190175242,0.25511586594797,0.31351878376946624,,0.007461653689392521,0.4871945960090225,0.6607302314396455,0.24543188060757715,HIGH,1,Nearest available control using pre-2020 standardized financial distance plus industry penalties.,0.511971437884345,False,0001493761,Electronics & Technology,Turtle Beach Corp,3669,Micro-scale revenue proxy
0000854775,Electronics & Technology,DIGI INTERNATIONAL INC,3576,Micro-scale revenue proxy,0.049685165691960353,0.48943480344862306,0.1473508153634091,,0.002168586125406262,0.586506166520628,0.08747776623064718,0.07332384286196572,LOW,1,Nearest available control using pre-2020 standardized financial distance plus industry penalties.,1.11748872478407,False,0001495320,Apparel & Personal Care,"Vera Bradley, Inc.",3100,Micro-scale revenue proxy
0001122904,Electronics & Technology,"NETGEAR, INC.",3576,Small-scale revenue proxy,0.09662385030938458,0.2912575599296549,0.8196637472298002,,0.02415227832840859,0.08090711746802859,0.09875656029549529,0.38249457441668194,HIGH,1,Nearest available control using pre-2020 standardized financial distance plus industry penalties.,0.3214322194958242,False,0001500435,Electronics & Technology,"GoPro, Inc.",3861,Small-scale revenue proxy
0001262039,Electronics & Technology,"Fortinet, Inc.",3577,Mid-scale revenue proxy,,,,,,,,,REVIEW,1,Nearest available control using pre-2020 standardized financial distance plus industry penalties.,3.4,False,0001504776,Apparel & Personal Care,Warby Parker Inc.,3851,
0000069891,Automotive,NATIONAL BEVERAGE CORP,2086,Small-scale revenue proxy,0.7156554051224879,,,,,,,,LOW,1,Nearest available control using pre-2020 standardized financial distance plus industry penalties.,1.413633956837043,False,0001523836,Apparel & Personal Care,"LightInTheBox Holding Co., Ltd.",5961,Unclassified
0001606909,Entertainment,Pangaea Logistics Solutions Ltd.,4412,Small-scale revenue proxy,0.06728300680950117,,,,0.003767061534888233,0.4996422964155909,0.044475387108192876,0.13336095722978483,LOW,1,Nearest available control using pre-2020 standardized financial distance plus industry penalties.,0.9670984782083947,False,0001524025,Apparel & Personal Care,"TILLY'S, INC.",5600,Small-scale revenue proxy
0001517396,Electronics & Technology,STRATASYS LTD.,3577,Small-scale revenue proxy,0.1870242701735469,,0.6055480057943442,,0.024021973604802377,0.15704200963739512,0.4946967781826182,0.021468073337407745,HIGH,1,Nearest available control using pre-2020 standardized financial distance plus industry penalties.,0.3461819809828326,False,0001526520,Electronics & Technology,"TripAdvisor, Inc.",7370,Small-scale revenue proxy
0001031203,Automotive,GROUP 1 AUTOMOTIVE INC,5500,Large-scale revenue proxy,0.028649252856910584,0.18163528631294223,,,0.0011707114894455584,0.004014695859728967,0.05015945341035066,0.017262227013458697,LOW,1,Nearest available control using pre-2020 standardized financial distance plus industry penalties.,0.8154218779666274,False,0001531152,Apparel & Personal Care,"BJ's Wholesale Club Holdings, Inc.",5331,Large-scale revenue proxy
0001673358,Entertainment,"Yum China Holdings, Inc.",5812,Mid-scale revenue proxy,,,,,,,,,REVIEW,1,Nearest available control using pre-2020 standardized financial distance plus industry penalties.,2.65,False,0001559720,Entertainment,"Airbnb, Inc.",7340,
0001690820,Automotive,CARVANA CO.,5500,Mid-scale revenue proxy,,,,,,,,,REVIEW,1,Nearest available control using pre-2020 standardized financial distance plus industry penalties.,3.4,False,0001560968,Apparel & Personal Care,Samsonite International SA/ADR,8880,
0000851310,Electronics & Technology,HARMONIC INC.,3663,Small-scale revenue proxy,0.024685871791637504,0.3851791521057059,0.5001802761786509,,0.02337614976592517,1.4194031362839028,0.7527067092594847,0.19841335547875538,LOW,1,Nearest available control using pre-2020 standardized financial distance plus industry penalties.,1.42313496335148,False,0001576942,Apparel & Personal Care,"Stitch Fix, Inc.",5961,Small-scale revenue proxy
0001645590,Electronics & Technology,Hewlett Packard Enterprise Co,3570,Large-scale revenue proxy,0.5275819711829886,,0.20775058741176855,,,,,,LOW,1,Nearest available control using pre-2020 standardized financial distance plus industry penalties.,1.709264155170077,False,0001577552,Apparel & Personal Care,Alibaba Group Holding Ltd,7389,Unclassified
0000896156,Home & Appliances,ETHAN ALLEN INTERIORS INC,2511,Small-scale revenue proxy,0.1770456238474586,0.4427691149184074,,,0.019127123076651258,0.3115342495874835,0.37950353459877106,0.047308698169982746,LOW,1,Nearest available control using pre-2020 standardized financial distance plus industry penalties.,1.0286902326564387,False,0001579157,Apparel & Personal Care,VINCE HOLDING CORP.,5600,Small-scale revenue proxy
0001411207,Automotive,Allison Transmission Holdings Inc,3714,Mid-scale revenue proxy,0.11821207843045248,0.5136796862208328,,,,0.20124472106624006,0.5459375564930363,0.03579622105052062,LOW,1,Nearest available control using pre-2020 standardized financial distance plus industry penalties.,1.068102582800795,False,0001579298,Apparel & Personal Care,"Burlington Stores, Inc.",5311,Mid-scale revenue proxy
0001012019,Automotive,RUSH ENTERPRISES INC \TX\,5500,Mid-scale revenue proxy,0.07394070014238074,0.10094372038940569,,,0.022236133395514543,1.1756483905393265,0.2730855888223015,0.050347635238908395,LOW,1,Nearest available control using pre-2020 standardized financial distance plus industry penalties.,1.191087168165296,False,0001616707,Apparel & Personal Care,Wayfair Inc.,5961,Mid-scale revenue proxy
0001646188,Electronics & Technology,Ondas Inc.,3663,Micro-scale revenue proxy,,,,,,,,,REVIEW,1,Nearest available control using pre-2020 standardized financial distance plus industry penalties.,2.65,False,0001651562,Electronics & Technology,"Coursera, Inc.",7372,
0000703351,Entertainment,"BRINKER INTERNATIONAL, INC",5812,Mid-scale revenue proxy,,,,,,,,,REVIEW,1,Nearest available control using pre-2020 standardized financial distance plus industry penalties.,2.65,False,0001670076,Entertainment,"Frontier Group Holdings, Inc.",4512,
0000912728,Sports & Leisure,FORWARD AIR CORP,4731,Small-scale revenue proxy,0.23439493498040043,0.18774696620061815,,,0.003278148502127168,,0.23936766139874982,0.02304368321436582,LOW,1,Nearest available control using pre-2020 standardized financial distance plus industry penalties.,0.9220630952756546,False,0001670592,Kids & Toys,"YETI Holdings, Inc.",3949,Small-scale revenue proxy
0001473334,Home & Appliances,XMax Inc.,2510,Micro-scale revenue proxy,2.838627820140166,,1.0722722082140181,,0.4832215787834366,0.46735869505519245,0.7558032663346839,0.0682987907524733,MEDIUM,1,Nearest available control using pre-2020 standardized financial distance plus industry penalties.,1.2685285337335803,False,0001687229,Home & Appliances,Invitation Homes Inc.,6510,Micro-scale revenue proxy
0000901491,Entertainment,PAPA JOHNS INTERNATIONAL INC,5812,Small-scale revenue proxy,0.07337789247306303,,0.3414504586511915,,0.005608696693004352,0.027689291093424495,0.469309722966897,0.006746149862620093,LOW,1,Nearest available control using pre-2020 standardized financial distance plus industry penalties.,0.9714568177927807,False,0001687932,Apparel & Personal Care,"J.Jill, Inc.",2330,Small-scale revenue proxy
0000907242,Entertainment,MONARCH CASINO & RESORT INC,7011,Micro-scale revenue proxy,0.08878927241521428,,0.020026929740023736,,,,,,LOW,1,Nearest available control using pre-2020 standardized financial distance plus industry penalties.,0.9643607520575815,False,0001690511,Apparel & Personal Care,Canada Goose Holdings Inc.,2300,Unclassified
0001043277,Sports & Leisure,"C. H. ROBINSON WORLDWIDE, INC.",4731,Large-scale revenue proxy,,,,,,,,,REVIEW,1,Nearest available control using pre-2020 standardized financial distance plus industry penalties.,3.4,False,0001691421,,"Lemonade, Inc.",6331,
0001341766,Automotive,"Celsius Holdings, Inc.",2086,Micro-scale revenue proxy,0.07753617027361748,0.6963615218820858,0.11488131118239009,,0.00478944127618889,,,,LOW,1,Nearest available control using pre-2020 standardized financial distance plus industry penalties.,1.2550182675811756,False,0001701758,Home & Appliances,Lovesac Co,5712,Unclassified
0001620533,Entertainment,Shake Shack Inc.,5810,Small-scale revenue proxy,0.10093123171040663,,,,0.0007833196219466931,0.2874492481358777,0.1603242476165202,0.012627922471111462,LOW,1,Nearest available control using pre-2020 standardized financial distance plus industry penalties.,0.8827595421858819,False,0001704711,Kids & Toys,"Funko, Inc.",3944,Small-scale revenue proxy
0000926282,Electronics & Technology,"ADTRAN Holdings, Inc.",3661,Small-scale revenue proxy,0.4407869608161824,0.7025309212448729,,,0.026363365785013602,,,,LOW,1,Nearest available control using pre-2020 standardized financial distance plus industry penalties.,1.7603187395125337,False,0001746618,Apparel & Personal Care,"Revolve Group, Inc.",5961,Unclassified
0001589526,Automotive,Blue Bird Corp,3713,Small-scale revenue proxy,0.2251290406107349,,,,,,,,LOW,1,Nearest available control using pre-2020 standardized financial distance plus industry penalties.,1.1251290406107348,False,0001762301,,Fiverr International Ltd.,7389,Unclassified
0001111335,Automotive,VISTEON CORP,3714,Mid-scale revenue proxy,0.46005239272497267,0.5409804387925397,,,,,0.27472121152462214,,LOW,1,Nearest available control using pre-2020 standardized financial distance plus industry penalties.,1.147655574236912,False,0001766502,Apparel & Personal Care,"Chewy, Inc.",5961,Mid-scale revenue proxy
0000317540,Automotive,"Coca-Cola Consolidated, Inc.",2086,Mid-scale revenue proxy,,,,,,,,,REVIEW,1,Nearest available control using pre-2020 standardized financial distance plus industry penalties.,3.4,False,0001787117,Apparel & Personal Care,Reformation Inc.,2330,
0000067347,Automotive,MODINE MANUFACTURING CO,3714,Mid-scale revenue proxy,,,,,,,,,REVIEW,1,Nearest available control using pre-2020 standardized financial distance plus industry penalties.,3.4,False,0001792781,Apparel & Personal Care,Torrid Holdings Inc.,5600,
0001034670,Automotive,AUTOLIV INC,3714,Mid-scale revenue proxy,,,,,,,,,REVIEW,1,Nearest available control using pre-2020 standardized financial distance plus industry penalties.,3.4,False,0001792789,,"DoorDash, Inc.",7389,
0000940942,Sports & Leisure,"Hub Group, Inc.",4731,Mid-scale revenue proxy,,,,,,,,,REVIEW,1,Nearest available control using pre-2020 standardized financial distance plus industry penalties.,2.65,False,0001817358,Sports & Leisure,"Academy Sports & Outdoors, Inc.",5940,
0001587523,Electronics & Technology,Knowles Corp,3651,Small-scale revenue proxy,,,,,,,,,REVIEW,1,Nearest available control using pre-2020 standardized financial distance plus industry penalties.,2.65,False,0001828962,Electronics & Technology,"Cricut, Inc.",3559,
0001023128,Automotive,LITHIA MOTORS INC,5500,Mid-scale revenue proxy,,,,,,,,,REVIEW,1,Nearest available control using pre-2020 standardized financial distance plus industry penalties.,3.4,False,0001846576,Apparel & Personal Care,"FIGS, Inc.",2300,
0000056047,Entertainment,KIRBY CORP,4400,Mid-scale revenue proxy,,,,,,,,,REVIEW,1,Nearest available control using pre-2020 standardized financial distance plus industry penalties.,2.65,False,0001856031,Entertainment,Vivid Seats Inc.,7990,
0000350698,Automotive,"AUTONATION, INC.",5500,Large-scale revenue proxy,,,,,,,,,REVIEW,1,Nearest available control using pre-2020 standardized financial distance plus industry penalties.,3.4,False,0001856437,Apparel & Personal Care,Victoria's Secret & Co.,5621,
0001653653,Entertainment,"Red Rock Resorts, Inc.",7011,Small-scale revenue proxy,,,,,,,,,REVIEW,1,Nearest available control using pre-2020 standardized financial distance plus industry penalties.,3.4,False,0001858985,Apparel & Personal Care,On Holding AG,3021,
0000048287,Home & Appliances,HNI CORP,2522,Mid-scale revenue proxy,,,,,,,,,REVIEW,1,Nearest available control using pre-2020 standardized financial distance plus industry penalties.,2.65,False,0001875444,Home & Appliances,"Arhaus, Inc.",5712,
0000216085,Home & Appliances,HAVERTY FURNITURE COMPANIES INC,5712,Small-scale revenue proxy,,,,,,,,,REVIEW,1,Nearest available control using pre-2020 standardized financial distance plus industry penalties.,2.65,False,0001957132,Home & Appliances,"SharkNinja, Inc.",3630,
0000037472,Home & Appliances,FLEXSTEEL INDUSTRIES INC,2510,Small-scale revenue proxy,,,,,,,,,REVIEW,1,Nearest available control using pre-2020 standardized financial distance plus industry penalties.,2.65,False,0002085187,Home & Appliances,"Bob's Discount Furniture, Inc.",5712,
0001735707,Automotive,Garrett Motion Inc.,3714,Mid-scale revenue proxy,,,,,,,,,REVIEW,1,Replacement selected after final BNPL contamination screening removed the initially matched control.,3.4,True,0001866757,Apparel & Personal Care,"Brilliant Earth Group, Inc.",3910,
0001722684,Entertainment,"WYNDHAM HOTELS & RESORTS, INC.",7011,Mid-scale revenue proxy,,,,,,,,,REVIEW,1,Replacement selected after final BNPL contamination screening removed the initially matched control.,3.4,True,0001977102,Apparel & Personal Care,Birkenstock Holding plc,3140,
