CIK,average_gross_margin_pre,average_net_margin_pre,average_operating_margin_pre,average_revenue_growth_pre,baseline_assets,baseline_market_cap_if_available,baseline_revenue,bnpl_control_status,broad_bnpl_category,cash_to_assets_pre,category_confidence,company_name,control_id,detailed_bnpl_category,exchange,expanded_control_sample,gross_margin_pretrend,leverage_pre,log_assets_2019,log_revenue_2019,manual_review_required,match_distance,match_quality,match_rank,matched_treated_CIK,matched_treated_company,operating_margin_pretrend,preferred_control_sample,revenue_pretrend,sic_code,sic_description,size_bucket,ticker
0001318605,0.17742860005048422,-0.09670158681096057,-0.06720816969297147,0.6110142830294599,34309000000.0,,24578000000.0,NO_BNPL_EVIDENCE,Automotive,0.1826925879506835,MEDIUM,"Tesla, Inc.",CONTROL_0001,Automotive,Nasdaq,True,-0.004697968156438895,0.7636188755137137,24.25867354737045,23.925117570808816,True,3.4,REVIEW,1,0000041091,GEORGIA POWER CO,0.010392555431334018,True,0.11956592668507049,3711,Motor Vehicles & Passenger Car Bodies,Large-scale revenue proxy,TSLA
0001571996,0.24593106100313103,-0.03238875258840724,-0.030865197229964985,0.2294103242385167,111820000000.0,,90621000000.0,NO_BNPL_EVIDENCE,Electronics & Technology,0.0865319263101413,MEDIUM,Dell Technologies Inc.,CONTROL_0002,Computers & Tablets,NYSE,True,0.008696061955291262,0.9977284922196387,25.44015627254491,25.229951811216107,False,0.5916675012610482,HIGH,1,0000320193,Apple Inc.,0.00477745715719032,True,0.05384186059932901,3571,Electronic Computers,Large-scale revenue proxy,DELL
0000051143,0.46355878069163087,0.10278927547551253,,-0.0115265792436203,152186000000.0,,77147000000.0,NO_BNPL_EVIDENCE,Electronics & Technology,0.053697449174037036,MEDIUM,INTERNATIONAL BUSINESS MACHINES CORP,CONTROL_0003,Computers & Tablets,NYSE,True,-0.0010583653831341792,0.8621160947787576,25.748369293911914,25.068978529711128,True,1.6524578611393912,LOW,1,0000313838,Sony Group Corp,,True,-0.0013438461940305862,3570,Computer & office Equipment,Large-scale revenue proxy,IBM
0001137789,0.28906473053677,0.12111916914831435,0.12313447947255605,-0.02481159575208114,8885000000.0,,10390000000.0,NO_BNPL_EVIDENCE,Electronics & Technology,0.24985931344963422,MEDIUM,Seagate Technology Holdings plc,CONTROL_0004,Computers & Tablets,Nasdaq,True,0.0018266410573776534,0.7566685424873382,22.907630298553027,23.06410964205755,False,0.7560587716033296,HIGH,1,0000047217,HP INC,0.002156803543942088,True,-0.014530271855250946,3572,Computer Storage Devices,Large-scale revenue proxy,STX
0000804328,0.574239861093762,0.029615854396303598,0.13744781922831276,0.013902476772965152,32957000000.0,,24273000000.0,NO_BNPL_EVIDENCE,Electronics & Technology,0.35922565767515247,LOW,QUALCOMM INC/DE,CONTROL_0005,Phones & Smartwatches,Nasdaq,True,0.0001404812817161493,0.8510483357101678,24.21846951842769,23.912630458440223,True,3.4,REVIEW,1,0001484778,ThredUp Inc.,-0.0033692086722131773,True,-0.0022652331716659247,3663,Radio & Tv Broadcasting & Communications Equipment,Large-scale revenue proxy,QCOM
0000064803,0.22933848335611354,0.018419801322861636,0.03903956398928406,0.1288271581590361,222449000000.0,,189082000000.0,NO_BNPL_EVIDENCE,Apparel & Personal Care,0.02554742884885974,HIGH,CVS HEALTH Corp,CONTROL_0006,Health & Beauty,NYSE,True,0.009997959441760613,0.7115293842633592,26.127963698796133,25.965446620348825,False,0.3409372064385198,HIGH,1,0000104169,Walmart Inc.,-0.0016783805564557224,True,0.02672592683196427,5912,Retail-Drug Stores and Proprietary Stores,Large-scale revenue proxy,CVS
0000829224,0.6234322176558945,0.1518179686461156,0.16622907517239385,0.0737873009847351,19219600000.0,,26508600000.0,NO_BNPL_EVIDENCE,Entertainment,0.13978438677183708,LOW,STARBUCKS CORP,CONTROL_0007,Gaming & Entertainment,Nasdaq,True,0.005504138634639839,1.3242002955316448,23.679196428617466,24.000735045592556,True,1.554296048233799,LOW,1,0001018724,AMAZON COM INC,-0.0026961641799113883,True,0.021339591956316545,5810,Retail-Eating & Drinking Places,Large-scale revenue proxy,SBUX
0001262039,0.7523392449350949,0.11657671797213709,0.11787336673277148,0.19119417812882364,3885500000.0,,2156200000.0,NO_BNPL_EVIDENCE,Electronics & Technology,0.3146313215802342,MEDIUM,"Fortinet, Inc.",CONTROL_0008,Computers & Tablets,Nasdaq,True,0.0029697220233923854,0.6597863852785999,22.08051751261357,21.491613250069292,True,3.4,REVIEW,1,0001504776,Warby Parker Inc.,0.0103063687954197,True,0.048008957898713116,3577,"Computer Peripheral Equipment, NEC",Mid-scale revenue proxy,FTNT
0000865752,0.6125040803353876,,0.3417009423762525,0.1129650814529225,5150352000.0,,4200819000.0,NO_BNPL_EVIDENCE,Automotive,0.15493251723377355,MEDIUM,Monster Beverage Corp,CONTROL_0009,Automotive,Nasdaq,True,-0.0006949671792023717,,22.3623308988009,22.158545343225704,True,0.9441407052747458,LOW,1,0001018840,ABERCROMBIE & FITCH CO /DE/,0.000631917766660622,True,0.027111449132871827,2086,Bottled & Canned Soft Drinks & Carbonated Waters,Mid-scale revenue proxy,MNST
0001690820,0.10566968158788964,-0.034320960249981776,,1.172147893836732,2057748000.0,,2836309000.0,NO_BNPL_EVIDENCE,Automotive,0.03694135530686945,HIGH,CARVANA CO.,CONTROL_0010,Automotive,NYSE,True,0.006346174087062356,0.9067237582055723,21.444878017881187,21.765769395957435,True,3.4,REVIEW,1,0001560968,Samsonite International SA/ADR,,True,0.21220670076820325,5500,Retail-Auto Dealers & Gasoline Stations,Mid-scale revenue proxy,CVNA
0000089800,0.44366288720652713,0.09658968482020495,0.15733724629303103,0.18708665093095392,20496200000.0,,13786371000.0,NO_BNPL_EVIDENCE,Home & Appliances,0.007894146231984466,HIGH,SHERWIN WILLIAMS CO,CONTROL_0011,Home Improvement,NYSE,True,-0.004291759852515068,,23.743505340054742,23.346946332407118,False,0.4345496280939193,HIGH,1,0000060667,LOWES COMPANIES INC,-0.0006215992773191395,True,0.039052664420654644,5200,"Retail-Building Materials, Hardware, Garden Supply",Large-scale revenue proxy,SHW
0000723254,,0.11669653872081791,0.15233962824958205,0.12243889983864531,7436662000.0,,6892303000.0,NO_BNPL_EVIDENCE,Apparel & Personal Care,0.012995749974921544,MEDIUM,CINTAS CORP,CONTROL_0012,Clothing & Accessories,Nasdaq,True,,,22.729687929201255,22.653671118661958,False,0.5227473937049796,HIGH,1,0000029534,DOLLAR GENERAL CORP,0.00010674870124217979,True,0.02948860503845018,2320,"Men's & Boys' Furnishgs, Work Clothg, & Allied Garments",Mid-scale revenue proxy,CTAS
0000745732,0.2863900974808295,0.10117348873905586,,0.08345200723717819,9348367000.0,,16039073000.0,NO_BNPL_EVIDENCE,Apparel & Personal Care,0.14453914785330957,HIGH,"ROSS STORES, INC.",CONTROL_0013,Clothing & Accessories,Nasdaq,True,-0.0002735279515516468,,22.95846751258708,23.49829364469724,False,0.30002124584549555,HIGH,1,0000039911,GAP INC,,True,0.01977315780703417,5651,Retail-Family Clothing Stores,Large-scale revenue proxy,ROST
0001467858,0.12173699135939313,0.0332071039941411,0.05072321757770983,-0.04158218466213061,228037000000.0,,137237000000.0,NO_BNPL_EVIDENCE,Automotive,0.08362239461140078,MEDIUM,General Motors Co,CONTROL_0014,Automotive,NYSE,True,-0.0007932202467090903,0.7984669154567022,26.15277373343652,25.644975195181562,True,1.9660604642597503,LOW,1,0000016988,CANON INC,-0.0002936032058775729,True,-0.0070839393078091645,3711,Motor Vehicles & Passenger Car Bodies,Large-scale revenue proxy,GM
0000898173,0.5286162388091972,0.1339602466886826,0.1903660700959446,0.05698837206731381,10717160000.0,,10149985000.0,NO_BNPL_EVIDENCE,Automotive,0.003770215243590653,HIGH,O REILLY AUTOMOTIVE INC,CONTROL_0015,Automotive,Nasdaq,True,0.0006091163017929264,,23.095112032117008,23.040738064600603,False,0.06458972882941842,HIGH,1,0000866787,AUTOZONE INC,-0.00023883078756847237,True,0.014416632461316112,5531,Retail-Auto & Home Supply Stores,Large-scale revenue proxy,ORLY
0000068505,0.4796727589094145,0.0668995740146069,0.18058378637949235,0.09437111401076878,10642000000.0,,7887000000.0,NO_BNPL_EVIDENCE,Electronics & Technology,0.09406126667919563,LOW,"Motorola Solutions, Inc.",CONTROL_0016,Phones & Smartwatches,NYSE,True,0.0017380946408925536,,23.08807427312059,22.788481671362266,True,0.9872138422786838,MEDIUM,1,0000789019,MICROSOFT CORP,0.002375989958028997,True,0.02462581286114734,3663,Radio & Tv Broadcasting & Communications Equipment,Mid-scale revenue proxy,MSI
0001585689,,0.10585046203087733,0.1617230238843048,-0.07612966021170677,14957000000.0,,9452000000.0,NO_BNPL_EVIDENCE,Entertainment,0.035969780036103495,LOW,Hilton Worldwide Holdings Inc.,CONTROL_0017,Gaming & Entertainment,NYSE,True,,1.0315571304405964,23.4284452546236,22.969492196271073,True,0.5406675413795133,HIGH,1,0001048286,MARRIOTT INTERNATIONAL INC /MD/,-0.0003360072804892125,True,-0.015181226806834834,7011,Hotels & Motels,Mid-scale revenue proxy,HLT
0000075362,,0.09055444967767233,,0.150721700579449,28361100000.0,,25599700000.0,NO_BNPL_EVIDENCE,Automotive,,MEDIUM,PACCAR INC,CONTROL_0018,Automotive,Nasdaq,True,,,24.068284324882118,23.96584646961326,True,0.9288911142664392,LOW,1,0000823768,WASTE MANAGEMENT INC,,True,0.022109561390101964,3711,Motor Vehicles & Passenger Car Bodies,Large-scale revenue proxy,PCAR
0001645590,0.3980502200756908,0.05414607883696789,0.03372398296082989,0.09087192245057589,51803000000.0,,29135000000.0,NO_BNPL_EVIDENCE,Electronics & Technology,0.0724475416481671,MEDIUM,Hewlett Packard Enterprise Co,CONTROL_0019,Computers & Tablets,NYSE,True,-0.04014291255497945,0.2755824952222844,24.67071389959275,24.09520603754145,True,1.709264155170077,LOW,1,0001577552,Alibaba Group Holding Ltd,-0.0014335346449540706,True,-0.04034337339682196,3570,Computer & office Equipment,Large-scale revenue proxy,HPE
0000037996,0.14920646785905872,,-0.007055961070559611,0.02568552037106777,258537000000.0,,155900000000.0,NO_BNPL_EVIDENCE,Automotive,0.0677040423614415,MEDIUM,FORD MOTOR CO,CONTROL_0020,Automotive,NYSE,True,0.0016083258974044106,0.8714690740590322,26.27830465411456,25.772480613010142,True,1.120127260599543,LOW,1,0000899051,ALLSTATE CORP,,True,0.009170476214815747,3711,Motor Vehicles & Passenger Car Bodies,Large-scale revenue proxy,F
0000815556,0.4825269398898222,0.143728079356509,0.1999646972408949,0.10460961806637671,3799900000.0,,5333700000.0,NO_BNPL_EVIDENCE,Home & Appliances,0.04602752704018527,HIGH,FASTENAL CO,CONTROL_0021,Home Improvement,Nasdaq,True,-0.0019325659378061823,,22.05824058754301,22.39731101815491,False,0.9115212633100348,MEDIUM,1,0000354950,"HOME DEPOT, INC.",-0.0009232200553088667,True,0.020844996301833826,5200,"Retail-Building Materials, Hardware, Garden Supply",Mid-scale revenue proxy,FAST
0000936395,0.4321697939837639,0.12059323623174784,0.07773895070790987,0.10729034583161343,3893346000.0,,3572131000.0,NO_BNPL_EVIDENCE,Electronics & Technology,0.2322025835874849,LOW,CIENA CORP,CONTROL_0022,Phones & Smartwatches,NYSE,True,-0.0009708216787880816,0.4419296409823324,22.08253477909775,21.996428173420323,True,0.2957199085188307,HIGH,1,0001032975,LOGITECH INTERNATIONAL S.A.,0.003552376728030639,True,0.02558244864550798,3661,Telephone & Telegraph Apparatus,Mid-scale revenue proxy,CIEN
0001058090,,0.056506854158047556,0.07315019548482345,0.14586855422050649,5104604000.0,,5586369000.0,NO_BNPL_EVIDENCE,Entertainment,0.09415539383662279,LOW,CHIPOTLE MEXICAN GRILL INC,CONTROL_0023,Gaming & Entertainment,NYSE,True,,0.6702925437507004,22.353408714545438,22.443595360289812,True,0.9780815562271152,LOW,1,0001037038,RALPH LAUREN CORP,,True,,5812,Retail-Eating Places,Mid-scale revenue proxy,CMG
0001041061,0.7541391728067968,0.2312208872941465,0.37813434494346954,-0.2473075153959275,5231000000.0,,5597000000.0,NO_BNPL_EVIDENCE,Entertainment,0.11565666220607915,LOW,YUM BRANDS INC,CONTROL_0024,Gaming & Entertainment,NYSE,True,0.054584876185847064,2.5324029822213725,22.377868301334885,22.445496576855632,True,2.65,REVIEW,1,0001337634,"StubHub Holdings, Inc.",0.017390974915405453,True,-0.0655122438076672,5812,Retail-Eating Places,Mid-scale revenue proxy,YUM
0000100517,,0.05876688677563499,0.0906877110194481,0.05490506464005536,52611000000.0,,43259000000.0,NO_BNPL_EVIDENCE,Entertainment,0.052498526924027296,LOW,"United Airlines Holdings, Inc.",CONTROL_0025,Gaming & Entertainment,Nasdaq,True,,,24.686191060301677,24.49047114116161,True,0.035648015844496235,HIGH,1,0000006201,American Airlines Group Inc.,-0.0021881517856857167,True,0.010995744093923485,4512,"Air Transportation, Scheduled",Large-scale revenue proxy,UAL
0000815097,0.39105200243465127,0.1423702834012278,0.1536394682320101,0.09046696080252363,45058000000.0,,20825000000.0,NO_BNPL_EVIDENCE,Entertainment,0.011496293665941675,LOW,Carnival Corp Ltd.,CONTROL_0026,Gaming & Entertainment,NYSE,True,-0.003972024756934892,,24.531216385701363,23.75942002499932,True,0.26634395570022684,HIGH,1,0000086312,"TRAVELERS COMPANIES, INC.",-0.003630687630948264,True,0.016858085222029407,4400,Water Transportation,Large-scale revenue proxy,CCL
0001002047,0.6274759700431178,0.09838399471352545,0.16808816285862768,0.03636728356585026,8741000000.0,,6146000000.0,NO_BNPL_EVIDENCE,Electronics & Technology,0.26598787324104795,MEDIUM,"NetApp, Inc.",CONTROL_0027,Computers & Tablets,Nasdaq,True,0.0018368118811744802,0.8753003088891431,22.89129043654476,22.539067300654704,False,0.5345269446134164,HIGH,1,0001121788,GARMIN LTD,0.009747258146810609,True,0.0054148303738558445,3572,Computer Storage Devices,Mid-scale revenue proxy,NTAP
0001511737,0.4516158164335981,0.2570818792865186,0.330768247568871,0.22425511753538138,875865000.0,,875092000.0,NO_BNPL_EVIDENCE,Electronics & Technology,0.2718992082113111,LOW,Ubiquiti Inc.,CONTROL_0028,Phones & Smartwatches,NYSE,True,-0.0022784570448535057,0.8866526234065752,20.59072252743552,20.58983958165191,True,0.7177142433530376,HIGH,1,0001314727,Sonos Inc,-0.002106471743292526,True,0.05212377451902785,3663,Radio & Tv Broadcasting & Communications Equipment,Small-scale revenue proxy,UI
0000726958,0.2176559694902284,0.029299616593714238,,0.10128718034502442,3731376000.0,,9352910000.0,NO_BNPL_EVIDENCE,Automotive,0.016963179266844187,HIGH,CASEYS GENERAL STORES INC,CONTROL_0029,Automotive,Nasdaq,True,-0.00046190604141567204,0.6224532183301816,22.040042903379252,22.95895336177154,True,0.9489249913721756,LOW,1,0001089063,"DICK'S SPORTING GOODS, INC.",,True,0.020767391090583148,5500,Retail-Auto Dealers & Gasoline Stations,Mid-scale revenue proxy,CASY
0000935703,0.30547592709464844,0.05106413339864908,0.07149233229483978,0.0549015004093016,19574600000.0,,23610800000.0,NO_BNPL_EVIDENCE,Apparel & Personal Care,0.027545901321099794,LOW,"DOLLAR TREE, INC.",CONTROL_0030,Clothing & Accessories,Nasdaq,True,-0.0004063111297725692,0.680463457746263,23.697498644387167,23.884970071417264,True,0.32602475045564455,HIGH,1,0000027419,TARGET CORP,-0.0009693822271593567,True,0.030995967448716626,5331,Retail-Variety Stores,Large-scale revenue proxy,DLTR
0000940944,0.1841029541589447,0.07324351342599662,0.09377317969501836,0.071152496114862,5892800000.0,,8510400000.0,NO_BNPL_EVIDENCE,Entertainment,0.07760317675807765,LOW,DARDEN RESTAURANTS INC,CONTROL_0031,Gaming & Entertainment,NYSE,True,-0.0005982953694553091,0.5939790931306,22.496997103655076,22.86455478195233,True,0.6713715668803615,HIGH,1,0001269238,Trip.com Group Ltd,0.0011035475060377955,True,0.01612572828133979,5812,Retail-Eating Places,Mid-scale revenue proxy,DRI
0000092380,,0.12670850984499385,0.14703404689624852,0.029501818728768215,25895000000.0,,22428000000.0,NO_BNPL_EVIDENCE,Entertainment,0.09839737401042672,LOW,SOUTHWEST AIRLINES CO,CONTROL_0032,Gaming & Entertainment,NYSE,True,,,23.977315736822266,23.833576015207836,True,1.547522406594551,LOW,1,0000732717,AT&T INC.,-0.004873758099227288,True,0.008935815636167908,4512,"Air Transportation, Scheduled",Large-scale revenue proxy,LUV
0000746515,,0.07264494786949591,0.09754718060466087,0.10644220068130215,3691884000.0,,8175426000.0,NO_BNPL_EVIDENCE,Sports & Leisure,0.33329622490847494,MEDIUM,EXPEDITORS INTERNATIONAL OF WASHINGTON INC,CONTROL_0033,Sports & Outdoor,NYSE,True,,,22.02940273380848,22.82439866246379,False,0.5744121370083801,HIGH,1,0001075531,Booking Holdings Inc.,-0.0010080089454642396,True,0.018392158252502944,4731,Arrangement of Transportation of Freight & Cargo,Mid-scale revenue proxy,EXPD
0001375365,0.14408714211818624,0.024289122063153486,0.03392349957214711,0.07434715858087089,1682594000.0,,3500360000.0,NO_BNPL_EVIDENCE,Electronics & Technology,0.14748893672508046,MEDIUM,"Super Micro Computer, Inc.",CONTROL_0034,Computers & Tablets,Nasdaq,True,-0.0012260325346820664,0.4406398691544128,21.24360248716473,21.976131657295202,False,0.5953286282411852,HIGH,1,0001326380,GameStop Corp.,-0.0035695195132430186,True,0.04952784807135778,3571,Electronic Computers,Mid-scale revenue proxy,SMCI
0001043277,0.5652600528093925,0.09672925863254912,0.14450324454358202,1.9411953432094555,4641060000.0,,15309508000.0,NO_BNPL_EVIDENCE,Sports & Leisure,0.09649907564220243,MEDIUM,"C. H. ROBINSON WORLDWIDE, INC.",CONTROL_0035,Sports & Outdoor,Nasdaq,True,-0.033474868421891846,0.640011118149733,22.258208625370102,23.451739910240722,True,3.4,REVIEW,1,0001691421,"Lemonade, Inc.",-0.0018120541801695089,True,0.019332554617363582,4731,Arrangement of Transportation of Freight & Cargo,Large-scale revenue proxy,CHRW
0001673358,0.20317165467701948,0.07637413594248899,0.10957197860572397,0.13630906292964518,6950000000.0,,8776000000.0,NO_BNPL_EVIDENCE,Entertainment,0.15050359712230216,LOW,"Yum China Holdings, Inc.",CONTROL_0036,Gaming & Entertainment,NYSE,True,-0.0018568906702086131,0.5431654676258992,22.662007496523113,22.89528655991934,True,2.65,REVIEW,1,0001559720,"Airbnb, Inc.",-0.0057943644544191375,True,0.025341830378381613,5812,Retail-Eating Places,Mid-scale revenue proxy,YUMC
0001019849,0.15003023464184864,0.023081113077272397,0.02894866439578189,0.0505005672987215,13942700000.0,,23179400000.0,NO_BNPL_EVIDENCE,Automotive,0.002015391566913152,HIGH,"PENSKE AUTOMOTIVE GROUP, INC.",CONTROL_0037,Automotive,NYSE,True,2.8503260025906834e-05,0.7983460879169745,23.35822191075483,23.86652979013992,True,1.112080291799752,LOW,1,0001258602,NELNET INC,-8.068939804282811e-05,True,0.013500633444064072,5500,Retail-Auto Dealers & Gasoline Stations,Large-scale revenue proxy,PAG
0001206264,0.4197972843231334,0.05354118778968791,0.10403788048701766,-0.027519403881875005,3061800000.0,,3106000000.0,NO_BNPL_EVIDENCE,Home & Appliances,0.02119668169050885,MEDIUM,SOMNIGROUP INTERNATIONAL INC.,CONTROL_0038,Home & Appliances,NYSE,True,0.0020480617012225946,0.8822914625383761,21.842268815262255,21.856601561672907,False,0.3176759267243415,HIGH,1,0000916365,TRACTOR SUPPLY CO /DE/,0.00038588711534097105,True,-0.0030251626593996717,2510,Household Furniture,Mid-scale revenue proxy,SGI
0001289460,,0.0632956376004911,0.07886944760368485,0.1147380127937213,1983565000.0,,2756163000.0,NO_BNPL_EVIDENCE,Entertainment,0.05438642040971685,LOW,"Texas Roadhouse, Inc.",CONTROL_0039,Gaming & Entertainment,Nasdaq,True,,0.5305578592080421,21.408161567737157,21.737105332035405,True,1.0595670152534848,LOW,1,0001403568,"Ulta Beauty, Inc.",-0.0007689765703606354,True,0.024929035015269736,5812,Retail-Eating Places,Mid-scale revenue proxy,TXRH
0001319161,0.4628310763951436,0.06530090161236214,0.06980567812122794,0.11475774192825157,6017000000.0,,4475000000.0,NO_BNPL_EVIDENCE,Entertainment,0.10287518697025096,MEDIUM,Warner Music Group Corp.,CONTROL_0040,Gaming & Entertainment,Nasdaq,True,-0.0024908422783460906,1.044706664450723,22.517854633184626,22.22177218867323,True,1.17341960940395,LOW,1,0001336917,"Under Armour, Inc.",0.0006484635803188311,True,0.028847073768216634,7900,Services-Amusement & Recreation Services,Mid-scale revenue proxy,WMG
0000317540,0.3491552090662966,0.008681380760361103,0.024399706177422213,0.19286981587862045,3126926000.0,,4826549000.0,NO_BNPL_EVIDENCE,Automotive,0.003074585071728592,MEDIUM,"Coca-Cola Consolidated, Inc.",CONTROL_0041,Automotive,Nasdaq,True,-0.0035835479561856605,0.8557317953798714,21.863316250287607,22.297397556485674,True,3.4,REVIEW,1,0001787117,Reformation Inc.,-0.0009073940811197286,True,0.05144754120627394,2086,Bottled & Canned Soft Drinks & Carbonated Waters,Mid-scale revenue proxy,COKE
0001521332,0.19752487698065543,-0.3255719158389849,0.1324995309413478,-0.13745702357462178,13459000000.0,,14357000000.0,NO_BNPL_EVIDENCE,Automotive,0.030611486737499072,MEDIUM,Aptiv PLC,CONTROL_0042,Automotive,NYSE,True,-0.0008862773031279446,0.7019838026599302,23.32291386419799,23.387503465091967,False,0.1302007241916893,HIGH,1,0000042582,GOODYEAR TIRE & RUBBER CO /OH/,-0.00033120412356003854,True,-0.00609559972589677,3714,Motor Vehicle Parts & Accessories,Large-scale revenue proxy,APTV
0000067347,0.16830840668348737,0.021364560443737673,0.042875246199897715,0.23359541576611087,1538000000.0,,2212700000.0,NO_BNPL_EVIDENCE,Automotive,0.027113133940182055,MEDIUM,MODINE MANUFACTURING CO,CONTROL_0043,Automotive,NYSE,True,2.514470803856449e-06,0.6481794538361508,21.153748708029863,21.51747932624116,True,3.4,REVIEW,1,0001792781,Torrid Holdings Inc.,0.002635260563350166,True,0.04647500787484714,3714,Motor Vehicle Parts & Accessories,Mid-scale revenue proxy,MOD
0000094845,0.5325935706871848,0.05751104368292038,0.0958213844242002,0.08440041119897719,4232418000.0,,5763087000.0,NO_BNPL_EVIDENCE,Apparel & Personal Care,0.22073363264214452,MEDIUM,LEVI STRAUSS & CO,CONTROL_0044,Clothing & Accessories,NYSE,True,0.002185961422905649,0.6286857772554602,22.16603929789139,22.474739105591002,False,0.6896387618104868,HIGH,1,0000320187,"NIKE, Inc.",0.00014365279353201858,True,0.019603150416878157,2300,Apparel & Other Finishd Prods of Fabrics & Similar Matl,Mid-scale revenue proxy,LEVI
0001636519,,-0.03283545016377021,-0.06065129501791212,0.13754963310766796,3763551000.0,,1631068000.0,NO_BNPL_EVIDENCE,Entertainment,0.2886561122726914,MEDIUM,Madison Square Garden Sports Corp.,CONTROL_0045,Gaming & Entertainment,NYSE,True,,0.28089535653960845,22.048628763562668,21.21250085192956,True,1.0554969952160358,LOW,1,0001397187,lululemon athletica inc.,-0.0019849801935377777,True,0.03413658732573539,7990,Services-Miscellaneous Amusement & Recreation,Small-scale revenue proxy,MSGS
0001411207,0.5124402292479222,0.2259338542097802,0.318956776710773,0.16641573992911973,4450000000.0,,2698000000.0,NO_BNPL_EVIDENCE,Automotive,0.043146067415730335,MEDIUM,Allison Transmission Holdings Inc,CONTROL_0046,Automotive,NYSE,True,0.0034997228398282653,0.8244943820224719,22.21616993312456,21.715776594731974,True,1.068102582800795,LOW,1,0001579298,"Burlington Stores, Inc.",0.007289618703394769,True,0.025257532435377303,3714,Motor Vehicle Parts & Accessories,Mid-scale revenue proxy,ALSN
0000703351,0.7441448717871666,0.04432321666446896,0.07497808525358342,-0.01532844957891578,1258300000.0,,2301400000.0,NO_BNPL_EVIDENCE,Entertainment,0.010649288722880077,LOW,"BRINKER INTERNATIONAL, INC",CONTROL_0047,Gaming & Entertainment,NYSE,True,-0.00029892343944526364,,20.953027440562195,21.556783470353633,True,2.65,REVIEW,1,0001670076,"Frontier Group Holdings, Inc.",-0.002490417783229242,True,-0.0008052170137833428,5812,Retail-Eating Places,Mid-scale revenue proxy,EAT
0001034670,0.1967178536456406,0.04546314592168257,0.0776179407006929,-0.03705388790480031,6771200000.0,,8547600000.0,NO_BNPL_EVIDENCE,Automotive,0.06567521266540642,MEDIUM,AUTOLIV INC,CONTROL_0048,Automotive,NYSE,True,-0.0008875558329377991,,22.635944160748146,22.868916378736582,True,3.4,REVIEW,1,0001792789,"DoorDash, Inc.",0.0005105046404820084,True,-0.005162613759372991,3714,Motor Vehicle Parts & Accessories,Mid-scale revenue proxy,ALV
0001023128,0.15165066540995398,0.022788083265404765,0.039204288681814206,0.13927351559389262,6083900000.0,,9403800000.0,NO_BNPL_EVIDENCE,Automotive,0.01380693305281152,HIGH,LITHIA MOTORS INC,CONTROL_0049,Automotive,NYSE,True,0.00016243575122057362,0.7587567185522445,22.528911774653476,22.96437969985235,True,3.4,REVIEW,1,0001846576,"FIGS, Inc.",2.723175936525292e-05,True,0.03282230417471259,5500,Retail-Auto Dealers & Gasoline Stations,Mid-scale revenue proxy,LAD
0001341766,0.41361568482575417,-0.09849175199016051,-0.15997979410919574,0.49896180430748477,90382236.0,,75146546.0,NO_BNPL_EVIDENCE,Automotive,,MEDIUM,"Celsius Holdings, Inc.",CONTROL_0050,Automotive,Nasdaq,True,-0.001269422931262061,0.29788206390468147,18.319558301628103,18.134950711696487,True,1.2550182675811756,LOW,1,0001701758,Lovesac Co,0.013343895955067986,True,0.09787460090748853,2086,Bottled & Canned Soft Drinks & Carbonated Waters,Micro-scale revenue proxy,CELH
0001316835,0.2539999727928178,0.018823686175824018,0.04640632384005301,0.059863922444702254,3249490000.0,,7280431000.0,NO_BNPL_EVIDENCE,Home & Appliances,0.004337911487648831,HIGH,"Builders FirstSource, Inc.",CONTROL_0051,Home Improvement,NYSE,True,0.0012702422386576702,0.7461284693905813,21.90176389789742,22.708455900699263,False,0.8059277412124352,HIGH,1,0000106640,WHIRLPOOL CORP /DE/,0.002004979183941987,True,0.057080421814965386,5211,Retail-Lumber & Other Building Materials Dealers,Mid-scale revenue proxy,BLDR
0000056047,,0.065980133374341,0.06352597467326222,0.1966110564772843,6079097000.0,,2838399000.0,NO_BNPL_EVIDENCE,Entertainment,0.004069189881326125,LOW,KIRBY CORP,CONTROL_0052,Gaming & Entertainment,NYSE,True,,,22.528122002157495,21.766505997768313,True,2.65,REVIEW,1,0001856031,Vivid Seats Inc.,-0.007325205140138616,True,0.025634003461460678,4400,Water Transportation,Mid-scale revenue proxy,KEX
0000350698,0.1600018525406812,0.0198517115788051,0.038018053874354404,-0.003917756226811592,10543300000.0,,21335700000.0,NO_BNPL_EVIDENCE,Automotive,0.0039835725057619535,HIGH,"AUTONATION, INC.",CONTROL_0053,Automotive,NYSE,True,0.0004460885147316801,,23.078756424035376,23.783647562984864,True,3.4,REVIEW,1,0001856437,Victoria's Secret & Co.,-0.00026984344396053595,True,0.0017847343964244142,5500,Retail-Auto Dealers & Gasoline Stations,Large-scale revenue proxy,AN
0001653653,,0.038196218989745116,0.1762068871108421,0.08852868412071005,4114187000.0,,1856534000.0,NO_BNPL_EVIDENCE,Entertainment,0.031314813838068126,LOW,"Red Rock Resorts, Inc.",CONTROL_0054,Gaming & Entertainment,Nasdaq,True,,0.8097808874511537,22.137707081689605,21.34197714544549,True,3.4,REVIEW,1,0001858985,On Holding AG,-0.007604852172657501,True,0.020385980579403974,7011,Hotels & Motels,Small-scale revenue proxy,RRR
0001507079,0.41527106796597907,0.07108713008379584,0.0799386613362113,0.2182957265512062,2324309000.0,,2045456000.0,NO_BNPL_EVIDENCE,Home & Appliances,,HIGH,"Floor & Decor Holdings, Inc.",CONTROL_0055,Home Improvement,NYSE,True,0.0012248478241354875,0.6711555993630796,21.566688627510704,21.438886584469273,True,1.0871964088762889,LOW,1,0001050797,COLUMBIA SPORTSWEAR CO,-0.0012752154380400375,True,0.04834538446112862,5211,Retail-Lumber & Other Building Materials Dealers,Mid-scale revenue proxy,FND
0000040211,,0.22334300384402503,,-0.005910976381338344,8285100000.0,,1393800000.0,NO_BNPL_EVIDENCE,Sports & Leisure,0.018225489131090754,MEDIUM,GATX CORP,CONTROL_0056,Sports & Outdoor,NYSE,True,,0.7785059926856647,22.83772455775813,21.055299666968693,False,0.553326961683958,HIGH,1,0000793952,"HARLEY-DAVIDSON, INC.",,True,-0.0014080922606406752,4700,Transportation Services,Small-scale revenue proxy,GATX
0001012019,0.2165103760681454,0.03597019285814106,0.041945307263658534,0.3221042079824854,3407329000.0,,5562298000.0,NO_BNPL_EVIDENCE,Automotive,0.05330274828171861,HIGH,RUSH ENTERPRISES INC \TX\,CONTROL_0057,Automotive,Nasdaq,True,-0.00407857269382199,,21.949194536856805,22.439277169172637,True,1.191087168165296,LOW,1,0001616707,Wayfair Inc.,0.0005138405393381975,True,0.03914286821132784,5500,Retail-Auto Dealers & Gasoline Stations,Mid-scale revenue proxy,RUSHA
0000003453,,0.06846527941002,0.06879896821914407,0.048285061234616365,2845400000.0,,2203100000.0,NO_BNPL_EVIDENCE,Entertainment,0.0074506220566528435,LOW,"Matson, Inc.",CONTROL_0058,Gaming & Entertainment,NYSE,True,,,21.76896949218134,21.513131296382795,True,0.9483196109055633,LOW,1,0001368458,"Sally Beauty Holdings, Inc.",-0.0021926669319843753,True,0.013194382940170812,4400,Water Transportation,Mid-scale revenue proxy,MATX
0001041803,,0.02577896395950832,0.04071585332285972,0.02070722979769328,1296411000.0,,3091648000.0,NO_BNPL_EVIDENCE,Apparel & Personal Care,0.07918245062715451,LOW,PRICESMART INC,CONTROL_0059,Clothing & Accessories,Nasdaq,True,,0.3842392574577044,20.98286551423115,21.851970119017725,True,0.2759220459509132,HIGH,1,0000883569,"Fossil Group, Inc.",-0.0010467834140937872,True,0.005673078354172353,5331,Retail-Variety Stores,Mid-scale revenue proxy,PSMT
0001735707,0.22723362433236596,0.3508309908534795,,-0.003826530612244916,2275000000.0,,2418000000.0,NO_BNPL_EVIDENCE,Automotive,0.08219780219780219,MEDIUM,Garrett Motion Inc.,CONTROL_0060,Automotive,Nasdaq,True,,1.9375824175824177,21.545245889349324,21.606206589139013,True,3.4,REVIEW,1,0001866757,"Brilliant Earth Group, Inc.",,True,,3714,Motor Vehicle Parts & Accessories,Mid-scale revenue proxy,GTX
0001722684,,0.08288201659443364,0.15043304676336056,0.1589237215339325,4533000000.0,,2053000000.0,NO_BNPL_EVIDENCE,Entertainment,0.020736818883741452,LOW,"WYNDHAM HOTELS & RESORTS, INC.",CONTROL_0061,Gaming & Entertainment,NYSE,False,,0.7326273990734613,22.23464980890512,21.44256797498321,True,3.4,REVIEW,1,0001977102,Birkenstock Holding plc,0.003841344840169437,True,0.049826489084452745,7011,Hotels & Motels,Mid-scale revenue proxy,WH
0000766421,,0.09413400555811352,0.12336847786371644,0.1628373068295709,12993000000.0,,8781000000.0,NO_BNPL_EVIDENCE,Entertainment,0.017009158777803433,LOW,"ALASKA AIR GROUP, INC.",CONTROL_0062,Gaming & Entertainment,NYSE,True,,,23.28767658784701,22.89585613332427,True,0.3678359352997119,HIGH,1,0000884887,ROYAL CARIBBEAN CRUISES LTD,-0.008816244049026426,True,0.03331440599973127,4512,"Air Transportation, Scheduled",Mid-scale revenue proxy,ALK
0001046311,,0.17100389710830294,0.28484703685889795,0.0638263413004545,1386672000.0,,1114820000.0,NO_BNPL_EVIDENCE,Entertainment,,LOW,CHOICE HOTELS INTERNATIONAL INC /DE,CONTROL_0063,Gaming & Entertainment,NYSE,True,,1.0169549828654505,21.050172468697923,20.831958793848887,True,0.9990603431653018,LOW,1,0001334036,"Crocs, Inc.",0.002959378920009997,True,0.01882216543952956,7011,Hotels & Motels,Small-scale revenue proxy,CHH
0001760965,0.3939434299280692,0.03821371067099846,0.06624236253381535,,1517156000.0,,2548839000.0,NO_BNPL_EVIDENCE,Apparel & Personal Care,0.07040014342625281,MEDIUM,"Kontoor Brands, Inc.",CONTROL_0064,Clothing & Accessories,NYSE,True,,0.9543507721025393,21.140103366567555,21.658903798321262,True,0.1208648940945472,HIGH,1,0000110471,WOLVERINE WORLD WIDE INC /DE/,,True,,2320,"Men's & Boys' Furnishgs, Work Clothg, & Allied Garments",Mid-scale revenue proxy,KTB
0001610250,0.3094677863094664,0.04147474618050714,0.0700595149929621,0.10658428447760934,636075000.0,,776854000.0,NO_BNPL_EVIDENCE,Apparel & Personal Care,0.02611956137247966,HIGH,"Boot Barn Holdings, Inc.",CONTROL_0065,Clothing & Accessories,NYSE,True,0.0024363963181367695,0.5846967731792635,20.270827038880146,20.470762988488193,False,0.7862541506475225,HIGH,1,0000912615,URBAN OUTFITTERS INC,0.0038260172547278284,True,0.03312469574325037,5661,Retail-Shoe Stores,Small-scale revenue proxy,BOOT
0001639300,0.3993307097366239,0.10505088619835845,0.1235949335801843,0.16823327487554854,1596247000.0,,1408199000.0,NO_BNPL_EVIDENCE,Apparel & Personal Care,0.05635092814583207,LOW,"Ollie's Bargain Outlet Holdings, Inc.",CONTROL_0066,Clothing & Accessories,Nasdaq,True,-0.0003123957587316409,0.33664088327182445,21.190921085904403,21.06557741992265,True,0.8324392072483514,HIGH,1,0000885639,KOHLS Corp,0.001952792521047265,True,0.04477484624334724,5331,Retail-Variety Stores,Small-scale revenue proxy,OLLI
0001637207,0.72390131820893,0.13686714174458448,0.3387353778713617,0.23210063004747986,1717190000.0,,688803000.0,NO_BNPL_EVIDENCE,Entertainment,0.25405225979652807,MEDIUM,"Planet Fitness, Inc.",CONTROL_0067,Gaming & Entertainment,NYSE,True,0.0014242555866978853,,21.263955070864228,20.35046586646901,True,0.9306403198212179,LOW,1,0001370637,ETSY INC,0.005399140185012309,True,0.05989324534315512,7997,Services-Membership Sports & Recreation Clubs,Small-scale revenue proxy,PLNT
0000063276,0.38544260222214777,-0.16667563629227203,-0.08684642726610257,-0.06151618478158609,5325226000.0,,4504571000.0,NO_BNPL_EVIDENCE,Kids & Toys,0.11831009613488705,MEDIUM,MATTEL INC /DE/,CONTROL_0068,Toys & Hobbies,Nasdaq,True,-0.005731770859343053,,22.395720988955848,22.22835849594731,False,0.4544531004595855,HIGH,1,0000814453,NEWELL BRANDS INC.,-0.007124306860803952,True,-0.007682001640004784,3942,Dolls & Stuffed Toys,Mid-scale revenue proxy,MAT
0001646188,0.06472380023767718,-90.81039559250677,-79.82189272787114,26.6738544171855,4263516.0,,320383.0,NO_BNPL_EVIDENCE,Electronics & Technology,0.5049888401966828,LOW,Ondas Inc.,CONTROL_0069,Phones & Smartwatches,Nasdaq,True,0.1416570733539285,3.915490876544148,15.26560472994247,12.677272434092025,True,2.65,REVIEW,1,0001651562,"Coursera, Inc.",-24.76484412610162,True,0.5433947733676798,3663,Radio & Tv Broadcasting & Communications Equipment,Micro-scale revenue proxy,ONDS
0001385280,,0.06970843128964847,0.1166349187453836,0.04090477876713306,5828017000.0,,3283099000.0,NO_BNPL_EVIDENCE,Entertainment,0.08378716122482141,MEDIUM,"Cinemark Holdings, Inc.",CONTROL_0070,Gaming & Entertainment,NYSE,True,,,22.48594264222776,21.912053630356922,True,0.904048963639289,LOW,1,0001060822,CARTERS INC,-0.003303029327581756,True,0.009008762178640344,7830,Services-Motion Picture Theaters,Mid-scale revenue proxy,CNK
0001395942,,0.06959816321423465,0.09755337750211245,-0.24809855382967327,6581200000.0,,2781900000.0,NO_BNPL_EVIDENCE,Automotive,0.0771287911019267,HIGH,"OPENLANE, Inc.",CONTROL_0071,Automotive,NYSE,True,,,22.60748293647677,21.746399984438565,True,1.1123328280953653,LOW,1,0001116132,"TAPESTRY, INC.",,True,,5500,Retail-Auto Dealers & Gasoline Stations,Mid-scale revenue proxy,OPLN
0000868780,0.37450364561545335,0.11328132760604444,0.1592368895602603,0.05028530664812634,1041072000.0,,991329000.0,NO_BNPL_EVIDENCE,Automotive,0.06565636190388369,MEDIUM,"Dorman Products, Inc.",CONTROL_0072,Automotive,Nasdaq,True,-0.0023054647008373887,,20.763516788452634,20.714557025089494,True,0.8972720195636761,LOW,1,0001318008,Zumiez Inc,-0.0041911718894211,True,0.013955619284281904,3714,Motor Vehicle Parts & Accessories,Small-scale revenue proxy,DORM
0000932696,0.14163733181968777,0.019142570200172234,0.03024130736416913,0.12693981305817076,4178179000.0,,7731190000.0,NO_BNPL_EVIDENCE,Apparel & Personal Care,0.027444491966476303,LOW,INSIGHT ENTERPRISES INC,CONTROL_0073,Clothing & Accessories,Nasdaq,True,0.0007276265163037051,0.7222909789168918,22.153141342628803,22.76852863336356,True,0.4811133014025049,HIGH,1,0000701985,"Bath & Body Works, Inc.",0.0005698411376056016,True,0.025344043593433074,5961,Retail-Catalog & Mail-Order Houses,Mid-scale revenue proxy,NSIT
0000913241,0.3745976348206859,0.07991910315530262,0.10820063672067355,0.08872888776812606,1278647000.0,,1353222000.0,NO_BNPL_EVIDENCE,Apparel & Personal Care,0.20654723313001946,MEDIUM,"STEVEN MADDEN, LTD.",CONTROL_0074,Clothing & Accessories,Nasdaq,True,0.001407019569723311,0.3420983273726056,20.969068324576416,21.025754252498057,False,0.3282733264536192,HIGH,1,0000885245,BUCKLE INC,-0.0005024668049110656,True,0.01872556659873959,3140,"Footwear, (No Rubber)",Small-scale revenue proxy,SHOO
0000837465,0.4567514490715141,0.05288277190685127,0.0838349950201111,0.2549736905501007,1960548000.0,,1701063000.0,NO_BNPL_EVIDENCE,Kids & Toys,0.054406217037277334,MEDIUM,Callaway Golf Co,CONTROL_0075,Toys & Hobbies,NYSE,True,0.0015382733201497372,,21.396489862947057,21.25451918671132,False,0.49344421041691217,HIGH,1,0000866729,SCHOLASTIC CORP,0.002299662979234048,True,0.04147223348789544,3949,"Sporting & Athletic Goods, NEC",Small-scale revenue proxy,CALY
0001031203,0.1493108176216089,0.016127932825371626,0.030572013946649376,0.03638308777338889,5570200000.0,,12043800000.0,NO_BNPL_EVIDENCE,Automotive,0.004272737065096406,HIGH,GROUP 1 AUTOMOTIVE INC,CONTROL_0076,Automotive,NYSE,True,0.0003273599185739379,,22.440696796883703,23.21181584164921,True,0.8154218779666274,LOW,1,0001531152,"BJ's Wholesale Club Holdings, Inc.",8.633792460700977e-05,True,0.009142018226777685,5500,Retail-Auto Dealers & Gasoline Stations,Large-scale revenue proxy,GPI
0001587523,0.3846116026734274,0.0616572754188893,0.07500107155013977,-0.03945104687173173,1654600000.0,,854800000.0,NO_BNPL_EVIDENCE,Electronics & Technology,0.047383053305934966,MEDIUM,Knowles Corp,CONTROL_0077,TV & Audio,NYSE,True,0.00855172185802144,,21.226825124720357,20.566378081409265,True,2.65,REVIEW,1,0001828962,"Cricut, Inc.",0.01579232731168084,True,-0.012066071658609368,3651,Household Audio & Video Equipment,Small-scale revenue proxy,KN
0000048287,0.36531359853596745,0.04105257289917241,0.04842095408426703,-0.0009730507949489986,1452512000.0,,2246947000.0,NO_BNPL_EVIDENCE,Home & Appliances,0.03585030622810689,MEDIUM,HNI CORP,CONTROL_0078,Home & Appliances,NYSE,True,-1.3505518972668119e-05,,21.096560308274114,21.53283824286653,True,2.65,REVIEW,1,0001875444,"Arhaus, Inc.",-0.00025928858749916676,True,0.00131661402860555,2522,Office Furniture (No Wood),Mid-scale revenue proxy,HNI
0001617406,,0.44064034431555826,0.15594512816533912,-0.016591301343030423,11290000000.0,,2844000000.0,NO_BNPL_EVIDENCE,Entertainment,0.030646589902568643,LOW,Park Hotels & Resorts Inc.,CONTROL_0079,Gaming & Entertainment,NYSE,True,,0.42860938883968114,23.147183215107983,21.768477348887405,True,0.9939625884840733,LOW,1,0001254699,QVC INC,-0.0005692903272691067,True,0.004163496075826255,7011,Hotels & Motels,Mid-scale revenue proxy,PK
0000069891,0.3893698126438814,0.13906862642806703,,0.14286022260694803,452193000.0,,1014105000.0,NO_BNPL_EVIDENCE,Automotive,0.34542772665653826,MEDIUM,NATIONAL BEVERAGE CORP,CONTROL_0080,Automotive,Nasdaq,True,0.0036437068191578757,,19.929619637812166,20.7372722870503,True,1.413633956837043,LOW,1,0001523836,"LightInTheBox Holding Co., Ltd.",,True,0.032861127632077866,2086,Bottled & Canned Soft Drinks & Carbonated Waters,Small-scale revenue proxy,FIZZ
0000940942,0.13450050854758913,0.04307691260037275,0.03843372053305485,-0.1200646607704422,1991574000.0,,3668117000.0,NO_BNPL_EVIDENCE,Sports & Leisure,0.08472143139044795,MEDIUM,"Hub Group, Inc.",CONTROL_0081,Sports & Outdoor,Nasdaq,True,0.005809826071597377,,21.4121911178168,22.022944288323735,True,2.65,REVIEW,1,0001817358,"Academy Sports & Outdoors, Inc.",0.002771472925168592,True,-0.04069539651664054,4731,Arrangement of Transportation of Freight & Cargo,Mid-scale revenue proxy,HUBG
0001111335,0.13541464988175622,0.04319076369788938,,-0.019820126728046415,2271000000.0,,2945000000.0,NO_BNPL_EVIDENCE,Automotive,0.2051959489211801,MEDIUM,VISTEON CORP,CONTROL_0082,Automotive,Nasdaq,True,0.001209717908458589,,21.54348610006983,21.80337465404996,True,1.147655574236912,LOW,1,0001766502,"Chewy, Inc.",,True,-0.02285936344409754,3714,Motor Vehicle Parts & Accessories,Mid-scale revenue proxy,VC
0000921738,,0.061010541490691426,0.1443567494503624,0.23072648675500626,14194500000.0,,5301400000.0,NO_BNPL_EVIDENCE,Entertainment,0.030814752192750712,LOW,"PENN Entertainment, Inc.",CONTROL_0083,Gaming & Entertainment,Nasdaq,True,,0.8695339744267145,23.37612040258067,22.391236773566167,True,0.9568968301500395,LOW,1,0000908937,SIRIUS XM HOLDINGS INC.,-0.0036598971625941947,True,0.03490542370474958,7011,Hotels & Motels,Mid-scale revenue proxy,PENN
0001620533,,0.02260804092504763,0.0687457446980404,0.30683650931383216,968268000.0,,594519000.0,NO_BNPL_EVIDENCE,Entertainment,0.038314805405115115,LOW,Shake Shack Inc.,CONTROL_0084,Gaming & Entertainment,NYSE,True,,0.6674629338158444,20.691019466426464,20.203263233214354,True,0.8827595421858819,LOW,1,0001704711,"Funko, Inc.",0.0010831940410422974,True,0.07097332280781124,5810,Retail-Eating & Drinking Places,Small-scale revenue proxy,SHAK
0000854775,0.4756678002323801,0.027153622873210024,0.03175922398816244,0.07066563032734036,398698000.0,,254203000.0,NO_BNPL_EVIDENCE,Electronics & Technology,0.2327375607602747,MEDIUM,DIGI INTERNATIONAL INC,CONTROL_0085,Computers & Tablets,Nasdaq,True,-0.00026990505662583263,0.12470591776231633,19.80371479603602,19.35364371838091,True,1.11748872478407,LOW,1,0001495320,"Vera Bradley, Inc.",-0.002393126744294842,True,0.01165001172484908,3576,Computer Communications Equipment,Micro-scale revenue proxy,DGII
0000028823,0.2247641839833092,-0.081156917447499,-0.0325313280544994,0.21732827641770572,3790600000.0,,4408700000.0,NO_BNPL_EVIDENCE,Electronics & Technology,,MEDIUM,"DIEBOLD NIXDORF, Inc",CONTROL_0086,Computers & Tablets,NYSE,True,-0.0025446685831812888,,22.055790154856474,22.20684569836715,False,0.6604698224701714,HIGH,1,0000764478,BEST BUY CO INC,-0.0027456683103553622,True,0.04400244588727392,3578,Calculating & Accounting Machines (No Electronic Computers),Mid-scale revenue proxy,DBD
0001024305,0.6119415882622331,-0.1662677115564625,-0.14164575569859414,0.34209315761144055,17665400000.0,,8648500000.0,NO_BNPL_EVIDENCE,Apparel & Personal Care,0.019269306101192162,HIGH,COTY INC.,CONTROL_0087,Health & Beauty,NYSE,True,0.001201618007044994,0.7144021646835056,23.594873761146783,22.880651732448253,False,0.7953627440800766,HIGH,1,0000794367,"Macy's, Inc.",-0.030863154846081403,True,0.05957981110950268,2844,"Perfumes, Cosmetics & Other Toilet Preparations",Mid-scale revenue proxy,COTY
0001589526,0.12529180729144834,0.016872846201383736,0.0345830203166381,0.036225302370580366,365413000.0,,1018874000.0,NO_BNPL_EVIDENCE,Automotive,0.19418849356755233,MEDIUM,Blue Bird Corp,CONTROL_0088,Automotive,Nasdaq,True,-0.0006816770843713892,,19.71653877872469,20.741963932903747,True,1.1251290406107348,LOW,1,0001762301,Fiverr International Ltd.,0.0019696988545972807,True,0.020016263473630145,3713,Truck & Bus Bodies,Small-scale revenue proxy,BLBD
0000078814,,0.07778175556187239,,0.030148410151336697,5466900000.0,,3205125000.0,NO_BNPL_EVIDENCE,Electronics & Technology,0.16909802630375534,MEDIUM,PITNEY BOWES INC /DE/,CONTROL_0089,Computers & Tablets,NYSE,True,,0.9476675995536776,22.421977565124394,21.888016928118567,False,0.16979760477904568,HIGH,1,0000769397,"Autodesk, Inc.",,True,-0.014134563722360096,3579,"Office Machines, NEC",Mid-scale revenue proxy,PBI
0001158463,,0.039836798388082566,0.05935862253598232,0.06532480038352806,11918000000.0,,8094000000.0,NO_BNPL_EVIDENCE,Entertainment,0.08046652122839403,LOW,JETBLUE AIRWAYS CORP,CONTROL_0090,Gaming & Entertainment,Nasdaq,True,,,23.2013156992712,22.814388883400085,True,1.059870323136872,LOW,1,0001001250,ESTEE LAUDER COMPANIES INC,0.035467804553172874,True,0.014138758620833062,4512,"Air Transportation, Scheduled",Mid-scale revenue proxy,JBLU
0000907242,0.1677422096555074,0.13418124396814926,,0.037269829035931956,610878000.0,,249166000.0,NO_BNPL_EVIDENCE,Entertainment,,LOW,MONARCH CASINO & RESORT INC,CONTROL_0091,Gaming & Entertainment,Nasdaq,True,-0.004262308378067052,0.44145803253677496,20.23040782453087,19.33362989897214,True,0.9643607520575815,LOW,1,0001690511,Canada Goose Holdings Inc.,,True,0.01247290791835067,7011,Hotels & Motels,Micro-scale revenue proxy,MCRI
0001530721,0.601699739686059,0.11571720977345407,0.1477426531005773,0.04209659179714855,6650000000.0,,5238000000.0,NO_BNPL_EVIDENCE,Apparel & Personal Care,0.025864661654135337,MEDIUM,Capri Holdings Ltd,CONTROL_0092,Clothing & Accessories,NYSE,True,0.0009128666921960149,0.6336842105263157,22.617882691614174,22.379205583031933,False,0.4199624537149167,HIGH,1,0000103379,V F CORP,-0.009307186961166133,True,0.012715300517963251,3100,Leather & Leather Products,Mid-scale revenue proxy,CPRI
0001670541,0.06416997124770939,0.0022774617191288443,,0.016469766075870862,10342000000.0,,16526000000.0,NO_BNPL_EVIDENCE,Automotive,0.08934442080835428,MEDIUM,Adient plc,CONTROL_0093,Automotive,NYSE,True,-0.004743384796589348,,23.059479110920442,23.528200735225404,True,1.4498227161919996,LOW,1,0000909832,COSTCO WHOLESALE CORP /NEW,,True,0.0016779963171955716,3714,Motor Vehicle Parts & Accessories,Large-scale revenue proxy,ADNT
0000926326,0.4614722882192252,0.03515037067151871,0.03299287699651618,0.07605534746163965,1240810000.0,,648735000.0,NO_BNPL_EVIDENCE,Electronics & Technology,0.10252173983123927,MEDIUM,"OMNICELL, INC.",CONTROL_0094,Computers & Tablets,Nasdaq,True,-0.002578983550144475,0.31878853329679807,20.939030229110696,20.290534870789784,False,0.9068164636619775,MEDIUM,1,0001045810,NVIDIA CORP,-0.0012476187114305315,True,0.04171027923463582,3571,Electronic Computers,Small-scale revenue proxy,OMCL
0000057131,0.39783575303466057,0.04857520874045163,0.07965377096019556,0.04687792566912574,1059790000.0,,1745401000.0,NO_BNPL_EVIDENCE,Home & Appliances,0.12249502259881674,MEDIUM,LA-Z-BOY INC,CONTROL_0095,Home & Appliances,NYSE,True,0.0023578832383653334,,20.781336612235826,21.28025016562789,False,0.5806882333075534,HIGH,1,0001084869,1 800 FLOWERS COM INC,0.00019097969737667575,True,0.012424901960136323,2510,Household Furniture,Small-scale revenue proxy,LZB
0000066382,0.3692542695620068,0.05726830167839922,0.08028910209324779,0.036703656465923884,1569300000.0,,2567200000.0,NO_BNPL_EVIDENCE,Home & Appliances,0.10144650481106225,MEDIUM,"MILLERKNOLL, INC.",CONTROL_0096,Home & Appliances,Nasdaq,True,-0.0015258241741847862,0.5285796214872873,21.17389549700895,21.66608164775992,False,0.36505670892937536,HIGH,1,0000719955,WILLIAMS SONOMA INC,-0.00041572378483904765,True,0.01100597886302652,2520,Office Furniture,Mid-scale revenue proxy,MLKN
0000069633,0.3722587959152074,0.08067587215925717,0.08924460439087613,0.07884764820411058,85908000.0,,102932000.0,NO_BNPL_EVIDENCE,Electronics & Technology,0.09344880569912,LOW,"NAPCO SECURITY TECHNOLOGIES, INC",CONTROL_0097,Phones & Smartwatches,Nasdaq,True,0.006630305364226706,0.17153233691856404,18.268787514166323,18.449579133995016,True,0.696915249115344,HIGH,1,0001433195,APPFOLIO INC,0.0043109022127866305,True,0.018557713327226943,3669,"Communications Equipment, NEC",Micro-scale revenue proxy,NSSC
0000851310,0.5123721930881268,-0.13837262416710253,-0.09699361743285104,-0.07659960632037176,587327000.0,,402874000.0,NO_BNPL_EVIDENCE,Electronics & Technology,0.1584432522257618,LOW,HARMONIC INC.,CONTROL_0098,Phones & Smartwatches,Nasdaq,True,0.0010227110867695253,0.5660747760617169,20.19109229253324,19.814134415937318,True,1.42313496335148,LOW,1,0001576942,"Stitch Fix, Inc.",0.0053008218677005605,True,0.0035447279621834554,3663,Radio & Tv Broadcasting & Communications Equipment,Small-scale revenue proxy,HLIT
0001096752,0.4668787006068494,-0.03498002495661095,0.1719303899452143,-0.03187253725038689,3420900000.0,,2141000000.0,NO_BNPL_EVIDENCE,Apparel & Personal Care,0.09985676284018825,HIGH,EDGEWELL PERSONAL CARE Co,CONTROL_0099,Health & Beauty,NYSE,True,-0.0020115861322899647,0.6189599228273261,21.953169511295698,21.484538846553956,False,0.4677645627398902,HIGH,1,0000109177,"Spectrum Brands Holdings, Inc.",,True,-0.023057010329678315,2844,"Perfumes, Cosmetics & Other Toilet Preparations",Mid-scale revenue proxy,EPC
0000901491,,0.0197109822596416,0.03879185108468493,-0.014037507381253792,730721000.0,,1619248000.0,NO_BNPL_EVIDENCE,Entertainment,0.03819652097038405,LOW,PAPA JOHNS INTERNATIONAL INC,CONTROL_0100,Gaming & Entertainment,Nasdaq,True,,1.0817521324828492,20.409542275913275,21.205227680886814,True,0.9714568177927807,LOW,1,0001687932,"J.Jill, Inc.",-0.005484771394342133,True,-0.002840504892780973,5812,Retail-Eating Places,Small-scale revenue proxy,PZZA
0000062234,,0.07573671236555714,0.10589868429816801,0.14791504993564453,1359186000.0,,820863000.0,NO_BNPL_EVIDENCE,Entertainment,0.015348892646039615,MEDIUM,MARCUS CORP,CONTROL_0101,Gaming & Entertainment,NYSE,True,,,21.030151828092375,20.525866783821275,True,1.122420964823339,LOW,1,0001132105,"SPORTSMAN'S WAREHOUSE HOLDINGS, INC.",-0.0008145888347824381,True,0.03381918115048757,7830,Services-Motion Picture Theaters,Small-scale revenue proxy,MCS
0001682745,,0.07036727523985162,0.21110302734720277,,1407426000.0,,448737000.0,NO_BNPL_EVIDENCE,Sports & Leisure,0.0934422129476079,MEDIUM,VERRA MOBILITY Corp,CONTROL_0102,Sports & Outdoor,Nasdaq,True,,0.7588882115294161,21.065028341107524,19.92194752798781,True,1.040590563109513,MEDIUM,1,0001324424,"Expedia Group, Inc.",,True,,4700,Transportation Services,Small-scale revenue proxy,VRRM
0001345126,0.35181444164210746,0.07939255023384566,0.031829640543257855,0.20092103873537612,1891892000.0,,1450253000.0,NO_BNPL_EVIDENCE,Home & Appliances,0.053023111255822215,MEDIUM,Compass Diversified Holdings,CONTROL_0103,Home & Appliances,NYSE,True,0.0017330361713263018,0.3837518209284674,21.360843223494403,21.095003860917167,True,0.9972295635160666,LOW,1,0001177609,"FIVE BELOW, INC",0.0006026997226068505,True,0.051723817055539745,2510,Household Furniture,Small-scale revenue proxy,CODI
0001547459,0.2668055400297311,0.008445763867883805,0.01525108175237508,0.134657243113943,327114000.0,,903582000.0,NO_BNPL_EVIDENCE,Apparel & Personal Care,0.01899643549343654,MEDIUM,"Natural Grocers by Vitamin Cottage, Inc.",CONTROL_0104,Health & Beauty,NYSE,True,-0.0026020964051345196,0.5203323611951797,19.605819291959563,20.621877422040985,False,0.7582761786088048,HIGH,1,0000919012,AMERICAN EAGLE OUTFITTERS INC,-0.0025290468205350592,True,0.01932991291613862,5411,Retail-Grocery Stores,Small-scale revenue proxy,NGVC
0001546417,0.6863599287170509,0.02776579254772421,0.039256459100719863,-0.0022988650439876635,3592683000.0,,4139389000.0,NO_BNPL_EVIDENCE,Entertainment,0.01868937504366514,LOW,"Bloomin' Brands, Inc.",CONTROL_0105,Gaming & Entertainment,Nasdaq,True,0.0011015315413766833,0.9505993153306317,22.002165114077286,22.143814029350903,True,1.2951038757412325,LOW,1,0001065088,EBAY INC,-0.0007867845131132153,True,-0.0047591120560199025,5812,Retail-Eating Places,Mid-scale revenue proxy,BLMN
0000926282,0.4170368998142496,-0.04374061705962578,-0.042042007059065876,-0.0397258456182043,545118000.0,,530061000.0,NO_BNPL_EVIDENCE,Electronics & Technology,0.13533400107866553,LOW,"ADTRAN Holdings, Inc.",CONTROL_0106,Phones & Smartwatches,Nasdaq,True,-0.0032609687835348507,0.302121742448424,20.116512842953263,20.08850265222722,True,1.7603187395125337,LOW,1,0001746618,"Revolve Group, Inc.",-0.008601660659702096,True,-0.011493502233455433,3661,Telephone & Telegraph Apparatus,Small-scale revenue proxy,ADTN
0001517396,0.48874678600669014,-0.03201932073417656,-0.02608898308334144,-0.01751718564632307,1381519000.0,,636080000.0,NO_BNPL_EVIDENCE,Electronics & Technology,0.21243573197328447,MEDIUM,STRATASYS LTD.,CONTROL_0107,Computers & Tablets,Nasdaq,True,0.016933817380115828,0.1619565130845106,21.04644945540002,20.270834899557503,False,0.3461819809828326,HIGH,1,0001526520,"TripAdvisor, Inc.",0.09577820285814706,True,-0.004217604342221767,3577,"Computer Peripheral Equipment, NEC",Small-scale revenue proxy,SSYS
0001747079,,0.10558754874561099,0.21899516792077048,,1021887000.0,,523577000.0,NO_BNPL_EVIDENCE,Entertainment,0.17867044007801253,LOW,Bally's Corp,CONTROL_0108,Gaming & Entertainment,NYSE,True,,0.7931170471881921,20.74491675510021,20.07619466437364,True,1.618175512198547,LOW,1,0001428439,"ROKU, INC",,True,,7011,Hotels & Motels,Small-scale revenue proxy,BALY
0001122904,0.26223805780242543,0.04687805573324134,-0.004166096560413041,-0.6089166702215651,955813000.0,,998763000.0,NO_BNPL_EVIDENCE,Electronics & Technology,0.19900126907669177,MEDIUM,"NETGEAR, INC.",CONTROL_0109,Computers & Tablets,Nasdaq,True,-0.0028953859780162282,0.3631672722593227,20.67807284518763,20.722028071230387,False,0.3214322194958242,HIGH,1,0001500435,"GoPro, Inc.",-0.007370208589018487,True,-0.009135559923575403,3576,Computer Communications Equipment,Small-scale revenue proxy,NTGR
0000075288,0.571905631357785,0.05578728141326533,0.07975126455338613,0.024598748390240833,1033369000.0,,1122790000.0,NO_BNPL_EVIDENCE,Apparel & Personal Care,0.05076598969003328,MEDIUM,OXFORD INDUSTRIES INC,CONTROL_0110,Clothing & Accessories,NYSE,True,-0.0005348899694876601,,20.756090175302766,20.839082496106677,False,0.444811830396054,HIGH,1,0000910521,DECKERS OUTDOOR CORP,-0.0018980850054613598,True,0.009105060783907321,2320,"Men's & Boys' Furnishgs, Work Clothg, & Allied Garments",Small-scale revenue proxy,OXM
0000896156,0.5477973530763782,0.04151186773368268,0.059608187354913286,-0.05249653084826572,510351000.0,,746684000.0,NO_BNPL_EVIDENCE,Home & Appliances,0.04080329028452967,MEDIUM,ETHAN ALLEN INTERIORS INC,CONTROL_0111,Home & Appliances,NYSE,True,-0.00035898968397453244,0.2869045029793221,20.05060928225146,20.431152628161517,True,1.0286902326564387,LOW,1,0001579157,VINCE HOLDING CORP.,-0.004346338365335389,True,-0.0018328402694091958,2511,"Wood Household Furniture, (No Upholstered)",Small-scale revenue proxy,ETD
0000701719,0.18506320996661427,0.023853895581435292,0.02731519704339094,0.22448345824943852,27003394.0,,82024497.0,NO_BNPL_EVIDENCE,Apparel & Personal Care,0.16704048387399006,HIGH,Envela Corp,CONTROL_0112,Clothing & Accessories,NYSE,True,0.002202803679191328,0.58545307304704,17.11147311977226,18.222528504515893,False,0.8860347121788282,HIGH,1,0001130713,"BED BATH & BEYOND, INC.",0.00575703399071034,True,0.01973353986990101,5944,Retail-Jewelry Stores,Micro-scale revenue proxy,ELA
0001318484,,,0.025296407533752122,0.050881768103069214,459145000.0,,781925000.0,NO_BNPL_EVIDENCE,Apparel & Personal Care,,HIGH,Citi Trends Inc,CONTROL_0113,Clothing & Accessories,Nasdaq,True,,0.6274728027093838,19.944876622277047,20.47726938598174,False,0.2237523649945212,HIGH,1,0000799288,"LANDS' END, INC.",-0.0008384076825380648,True,0.008945959920727985,5600,Retail-Apparel & Accessory Stores,Small-scale revenue proxy,CTRN
0001473334,0.27419106782605995,0.27730504513086074,0.20937854873760123,-0.11602592815041675,71555593.0,,21983279.0,NO_BNPL_EVIDENCE,Home & Appliances,0.10374029043404057,MEDIUM,XMax Inc.,CONTROL_0114,Home & Appliances,Nasdaq,True,0.016973641644811036,0.07698974697896781,18.085985230024196,16.905792676887064,False,1.2685285337335803,MEDIUM,1,0001687229,Invitation Homes Inc.,0.03410880898915149,True,-0.05368085770872744,2510,Household Furniture,Micro-scale revenue proxy,XMAX
0001606909,,0.03663972800467676,0.06305915663257643,0.25790272606351905,479902831.0,,412197819.0,NO_BNPL_EVIDENCE,Entertainment,0.10534443169392348,LOW,Pangaea Logistics Solutions Ltd.,CONTROL_0115,Gaming & Entertainment,Nasdaq,True,,,19.98909420595673,19.83701393528582,True,0.9670984782083947,LOW,1,0001524025,"TILLY'S, INC.",0.0004806222130652003,True,0.03210590809390343,4412,Deep Sea Foreign Transportation of Freight,Small-scale revenue proxy,PANL
0000912728,0.5472430911378074,0.0641661416436033,0.0907328054753389,0.1292087637830162,990878000.0,,1410395000.0,NO_BNPL_EVIDENCE,Sports & Leisure,0.06534507779968876,MEDIUM,FORWARD AIR CORP,CONTROL_0116,Sports & Outdoor,Nasdaq,True,,,20.714101976744107,21.06713564394806,True,0.9220630952756546,LOW,1,0001670592,"YETI Holdings, Inc.",0.0021840277720779023,True,0.036983553380950544,4731,Arrangement of Transportation of Freight & Cargo,Small-scale revenue proxy,FWRD
0000895447,0.29733856229034744,0.03306917397972678,0.04701992869979816,0.00980323461613375,647712000.0,,796676000.0,NO_BNPL_EVIDENCE,Apparel & Personal Care,0.05204010424386147,HIGH,SHOE STATION GROUP INC,CONTROL_0117,Clothing & Accessories,Nasdaq,True,0.0005982524783828827,0.5356763499827084,20.2889567110774,20.495958629634266,False,0.22574036679656884,HIGH,1,0000018255,CATO CORP,0.00023499626976194733,True,0.004326095654661977,5661,Retail-Shoe Stores,Small-scale revenue proxy,SHOE
0000216085,0.5435105992672974,0.029991283679520375,,-0.00757867563334344,560072000.0,,802291000.0,NO_BNPL_EVIDENCE,Home & Appliances,0.1352308274650402,HIGH,HAVERTY FURNITURE COMPANIES INC,CONTROL_0118,Home & Appliances,NYSE,True,0.00047500290030859545,0.5348758731020298,20.143575904857443,20.502981942911994,True,2.65,REVIEW,1,0001957132,"SharkNinja, Inc.",,True,0.0011836317405662588,5712,Retail-Furniture Stores,Small-scale revenue proxy,HVT
0001669779,0.27923716461226383,-0.00495053738149204,0.03752663860893709,0.07038623633129557,3376240000.0,,4892019000.0,NO_BNPL_EVIDENCE,Automotive,0.04369387247352084,HIGH,"Camping World Holdings, Inc.",CONTROL_0119,Automotive,NYSE,True,-0.003617874668737036,1.0471637087410848,21.940028501200736,22.310870938655864,False,0.39737449640053696,HIGH,1,0001158449,ADVANCE AUTO PARTS INC,-0.012192935146880794,True,0.012267908348711491,5500,Retail-Auto Dealers & Gasoline Stations,Mid-scale revenue proxy,CWH
0000933034,0.13045089494291995,-0.0008054943782556085,0.02847381625153286,0.06363416142549436,312736000.0,,487006000.0,NO_BNPL_EVIDENCE,Automotive,0.02496994269927351,MEDIUM,STRATTEC SECURITY CORP,CONTROL_0120,Automotive,Nasdaq,True,-0.002962014099999775,,19.5608699421207,20.00378700129951,False,0.5725486352520931,HIGH,1,0001378950,"CarParts.com, Inc.",-0.002309514855421784,True,0.0178547683414626,3714,Motor Vehicle Parts & Accessories,Small-scale revenue proxy,STRT
0000895456,0.33934855837713274,0.052780279525963425,0.06560425321463254,0.0060529301163908976,205826000.0,,270408000.0,NO_BNPL_EVIDENCE,Apparel & Personal Care,0.07539377921156705,MEDIUM,"ROCKY BRANDS, INC.",CONTROL_0121,Clothing & Accessories,Nasdaq,True,0.0027422338961495714,0.2000233206689145,19.142541709633257,19.41544248749425,False,0.7676432284853263,HIGH,1,0001041859,"Childrens Place, Inc.",0.004422321518830222,True,0.000345109345294784,3140,"Footwear, (No Rubber)",Micro-scale revenue proxy,RCKY
0000807882,0.5771050914965841,0.11223844365183437,0.218815971476879,-0.12122683266605704,958483000.0,,950107000.0,NO_BNPL_EVIDENCE,Entertainment,,LOW,JACK IN THE BOX INC,CONTROL_0122,Gaming & Entertainment,Nasdaq,True,0.02234325893523636,,20.680862384246783,20.67208516779535,True,1.436819918462683,LOW,1,0001490281,"Groupon, Inc.",0.007324586657324112,True,-0.0419417692439108,5812,Retail-Eating Places,Small-scale revenue proxy,JACK
0001319947,0.2844999478854466,,0.03345592383653858,0.09054443641983174,2465070000.0,,3492687000.0,NO_BNPL_EVIDENCE,Apparel & Personal Care,0.03511624416345175,HIGH,Designer Brands Inc.,CONTROL_0123,Clothing & Accessories,NYSE,True,-0.001098200518411168,0.7075482643494911,21.625486041603786,21.973937190969085,False,0.279386259607052,HIGH,1,0000028917,"DILLARD'S, INC.",-0.004172564981157968,True,0.01816684576169656,5661,Retail-Shoe Stores,Mid-scale revenue proxy,DBI
0000002186,0.37628130279558125,-0.043263586881207315,-0.05816839265950396,-0.05109502917830994,37940000.0,,40100000.0,NO_BNPL_EVIDENCE,Electronics & Technology,0.12324723247232472,LOW,BK Technologies Corp,CONTROL_0124,Phones & Smartwatches,NYSE,True,0.00047807490419173526,0.3865050079072219,17.45151652247114,17.506886892276796,True,0.511971437884345,HIGH,1,0001493761,Turtle Beach Corp,-0.012977403449952407,True,0.015962541460210873,3663,Radio & Tv Broadcasting & Communications Equipment,Micro-scale revenue proxy,BKTI
0000037472,0.19531641368025032,0.002666120010371531,0.008402400285490061,-0.03733749679225112,254287000.0,,443588000.0,NO_BNPL_EVIDENCE,Home & Appliances,0.08748775989334885,MEDIUM,FLEXSTEEL INDUSTRIES INC,CONTROL_0125,Home & Appliances,Nasdaq,True,-0.006360453980930706,0.19214509589558254,19.353974108362085,19.910406761676935,True,2.65,REVIEW,1,0002085187,"Bob's Discount Furniture, Inc.",-0.013881475366968397,True,-0.007663536385414487,2510,Household Furniture,Small-scale revenue proxy,FLXS
0001009829,0.2564035270497198,-0.16775658182574446,-0.1273227730083423,-0.08651738126628525,365222000.0,,598649000.0,NO_BNPL_EVIDENCE,Kids & Toys,0.16870013306974935,MEDIUM,JAKKS PACIFIC INC,CONTROL_0126,Toys & Hobbies,Nasdaq,True,-0.0044788949937835075,0.9876677746685577,19.716015945834528,20.210186007700607,True,2.65,REVIEW,1,0001315098,Roblox Corp,-0.0073374679761292316,True,-0.008311738082204728,3944,"Games, Toys & Children's Vehicles (No Dolls & Bicycles)",Small-scale revenue proxy,JAKK
0000033488,0.2883123824916336,0.07254347059979194,0.06352369770708871,0.08038051182074735,148779000.0,,203372000.0,NO_BNPL_EVIDENCE,Kids & Toys,,MEDIUM,ESCALADE INC,CONTROL_0127,Toys & Hobbies,Nasdaq,True,0.0019105902409061277,0.15196365078404883,18.81797254137137,19.13054737231908,False,0.4550197779112605,HIGH,1,0001113809,BUILD-A-BEAR WORKSHOP INC,-0.00235567122694588,True,0.017823831144415186,3949,"Sporting & Athletic Goods, NEC",Micro-scale revenue proxy,ESCA
