calculation_formula,definition,preferred_xbrl_concepts,reported_or_derived,source,unit,variable
"Reported value, or YTD current period minus prior YTD; Q4 = FY - Q1 - Q2 - Q3 when valid.",Consolidated quarterly top-line revenue.,RevenueFromContractWithCustomerExcludingAssessedTax; SalesRevenueNet; Revenues; SalesRevenueGoodsNet; ifrs-full Revenue,Reported quarter preferred; Q2/Q3 may be derived from YTD; Q4 may be derived from fiscal-year annual value.,SEC CompanyFacts standardized XBRL facts.,"Reporting currency, preferably USD where available.",revenue
"GrossProfit, or revenue - cogs when both are available in the same currency.",Quarterly gross profit.,GrossProfit; ifrs-full GrossProfit,Reported quarter preferred; may be derived from revenue - cogs or YTD/FY arithmetic.,"SEC CompanyFacts, or revenue minus COGS when GrossProfit is unavailable.",Same reporting currency as revenue.,gross_profit
"Reported value, or YTD/annual arithmetic when valid.",Quarterly operating income or loss.,OperatingIncomeLoss; ifrs-full ProfitLossFromOperatingActivities,Reported quarter preferred; Q2/Q3 or Q4 derivation when period-consistent.,SEC CompanyFacts standardized XBRL facts.,Reporting currency.,operating_income
"Reported value, or YTD/annual arithmetic when valid.",Quarterly net income or loss.,NetIncomeLoss; ifrs-full ProfitLoss,Reported quarter preferred; Q2/Q3 or Q4 derivation when period-consistent.,SEC CompanyFacts standardized XBRL facts.,Reporting currency.,net_income
gross_profit / revenue when both are available and same currency.,Gross profit divided by revenue.,N/A,Derived.,Derived from selected panel values.,Ratio.,gross_margin
operating_income / revenue when both are available and same currency.,Operating income divided by revenue.,N/A,Derived.,Derived from selected panel values.,Ratio.,operating_margin
net_income / revenue when both are available and same currency.,Net income divided by revenue.,N/A,Derived.,Derived from selected panel values.,Ratio.,net_margin
revenue_t / revenue_same_fiscal_quarter_previous_year - 1.,Same-fiscal-quarter year-over-year revenue growth.,N/A,Derived.,Derived from panel revenue.,Ratio.,revenue_growth_yoy
revenue_t / revenue_previous_fiscal_quarter - 1.,Sequential fiscal-quarter revenue growth.,N/A,Derived.,Derived from panel revenue.,Ratio.,revenue_growth_qoq
