CIK,balance_sheet_coverage,coverage_status,exchange,expected_available_quarters,first_available_quarter,gross_profit_coverage,input_public_parent_company,last_available_quarter,merchant_count,missingness_rate,net_income_coverage,number_of_quarters,operating_income_coverage,revenue_coverage,sec_entity_name,ticker
0000006201,1.0,complete_available_history,Nasdaq,46,FY2015 Q1,0.0,American Airlines Group Inc.,FY2026 Q2,1,0.2554347826086957,1.0,46,1.0,0.9782608695652174,American Airlines Group Inc.,AAL
0000016988,1.0,foreign_issuer_partial_history,OTC,29,FY2015 Q4,0.0,CANON INC,FY2022 Q4,1,1.0,0.0,8,0.0,0.0,CANON INC,CAJPY
0000018255,1.0,complete_available_history,NYSE,46,FY2014 Q4,0.9782608695652174,CATO CORP,FY2026 Q1,1,0.03804347826086951,1.0,46,0.8913043478260869,0.9782608695652174,THE CATO CORPORATION,CATO
0000027419,1.0,complete_available_history,NYSE,46,FY2014 Q4,0.7555555555555555,TARGET CORP,FY2026 Q1,1,0.24444444444444446,0.4888888888888889,45,0.8,0.9777777777777777,TARGET CORPORATION,TGT
0000028917,1.0,complete_available_history,NYSE,46,FY2014 Q4,1.0,"DILLARD'S, INC.",FY2026 Q1,1,0.2554347826086957,1.0,46,0.0,0.9782608695652174,"DILLARD’S, INC.",DDS
0000029534,1.0,complete_available_history,NYSE,46,FY2014 Q4,1.0,DOLLAR GENERAL CORP,FY2026 Q1,1,0.06521739130434778,0.7391304347826086,46,1.0,1.0,DOLLAR GENERAL CORP,DG
0000039911,1.0,complete_available_history,NYSE,46,FY2014 Q4,1.0,GAP INC,FY2026 Q1,5,0.005434782608695676,1.0,46,1.0,0.9782608695652174,"GAP, INC",GAP
0000041091,0,xbrl_missing,NYSE,0,,0,GEORGIA POWER CO,,1,1,0,0,0,0,,GPJA
0000042582,1.0,complete_available_history,Nasdaq,46,FY2015 Q1,0.9782608695652174,GOODYEAR TIRE & RUBBER CO /OH/,FY2026 Q2,1,0.21739130434782605,1.0,46,0.15217391304347827,1.0,THE GOODYEAR TIRE & RUBBER COMPANY,GT
0000047217,1.0,complete_available_history,NYSE,46,FY2015 Q1,0.9782608695652174,HP INC,FY2026 Q2,1,0.02717391304347827,0.9130434782608695,46,1.0,1.0,HP INC.,HPQ
0000060667,1.0,complete_available_history,NYSE,46,FY2014 Q4,1.0,LOWES COMPANIES INC,FY2026 Q1,1,0.05978260869565222,0.9782608695652174,46,0.8043478260869565,0.9782608695652174,"LOWE’S COMPANIES, INC.",LOW
0000086312,1.0,complete_available_history,NYSE,46,FY2015 Q1,0.0,"TRAVELERS COMPANIES, INC.",FY2026 Q2,1,0.5054347826086957,0.9130434782608695,46,0.06521739130434782,1.0,"TRAVELERS COMPANIES, INC.",TRV
0000103379,1.0,complete_available_history,NYSE,49,FY2014 Q4,1.0,V F CORP,FY2026 Q4,2,0.0,1.0,45,1.0,1.0,V. F. CORPORATION,VFC
0000104169,1.0,complete_available_history,Nasdaq,46,FY2015 Q4,0.9782608695652174,Walmart Inc.,FY2027 Q1,2,0.010869565217391353,1.0,46,1.0,0.9782608695652174,WALMART INC.,WMT
0000106640,1.0,complete_available_history,NYSE,46,FY2015 Q1,1.0,WHIRLPOOL CORP /DE/,FY2026 Q2,1,0.0,1.0,46,1.0,1.0,WHIRLPOOL CORP /DE/,WHR
0000109177,1.0,complete_available_history,NYSE,46,FY2015 Q2,0.9782608695652174,"Spectrum Brands Holdings, Inc.",FY2026 Q3,1,0.03804347826086951,1.0,46,1.0,0.8695652173913043,"Spectrum Brands Holdings, Inc.",SPB
0000110471,1.0,complete_available_history,NYSE,46,FY2014 Q4,1.0,WOLVERINE WORLD WIDE INC /DE/,FY2026 Q1,1,0.02777777777777779,1.0,45,1.0,0.8888888888888888,"WOLVERINE WORLD WIDE, INC.",WWW
0000313838,1.0,foreign_issuer_partial_history,NYSE,45,FY2014 Q4,0.0,Sony Group Corp,FY2025 Q4,1,1.0,0.0,11,0.0,0.0,Sony Group Corp,SONY
0000320187,1.0,complete_available_history,NYSE,46,FY2015 Q3,1.0,"NIKE, Inc.",FY2026 Q4,2,0.2554347826086957,1.0,46,0.0,0.9782608695652174,"NIKE, Inc.",NKE
0000320193,1.0,complete_available_history,Nasdaq,46,FY2015 Q2,1.0,Apple Inc.,FY2026 Q3,1,0.005434782608695676,1.0,46,1.0,0.9782608695652174,Apple Inc.,AAPL
0000354950,1.0,complete_available_history,NYSE,46,FY2014 Q4,1.0,"HOME DEPOT, INC.",FY2026 Q1,1,0.005434782608695676,1.0,46,1.0,0.9782608695652174,"HOME DEPOT, INC.",HD
0000701985,1.0,complete_available_history,NYSE,46,FY2014 Q4,1.0,"Bath & Body Works, Inc.",FY2026 Q1,1,0.0,1.0,45,1.0,1.0,"BATH & BODY WORKS, INC.",BBWI
0000719955,1.0,complete_available_history,NYSE,46,FY2014 Q4,0.9761904761904762,WILLIAMS SONOMA INC,FY2026 Q1,1,0.023809523809523836,0.9761904761904762,42,0.9761904761904762,0.9761904761904762,"WILLIAMS-SONOMA, INC.",WSM
0000732717,1.0,complete_available_history,NYSE,46,FY2015 Q1,0.08888888888888889,AT&T INC.,FY2026 Q2,1,0.25555555555555554,0.9555555555555556,45,0.9777777777777777,0.9555555555555556,AT&T INC.,T
0000764478,1.0,complete_available_history,NYSE,46,FY2015 Q4,0.9523809523809523,BEST BUY CO INC,FY2027 Q1,1,0.07738095238095233,0.9523809523809523,42,0.9523809523809523,0.8333333333333334,"BEST BUY CO., INC.",BBY
0000769397,1.0,complete_available_history,Nasdaq,46,FY2015 Q4,1.0,"Autodesk, Inc.",FY2027 Q1,1,0.0,1.0,46,1.0,1.0,"AUTODESK, INC.",ADSK
0000789019,1.0,complete_available_history,Nasdaq,46,FY2015 Q3,1.0,MICROSOFT CORP,FY2026 Q4,1,0.005434782608695676,1.0,46,1.0,0.9782608695652174,MICROSOFT CORPORATION,MSFT
0000793952,1.0,complete_available_history,NYSE,46,FY2015 Q1,0.9347826086956522,"HARLEY-DAVIDSON, INC.",FY2026 Q2,1,0.02717391304347827,1.0,46,1.0,0.9565217391304348,"Harley-Davidson, Inc.",HOG
0000794367,1.0,complete_available_history,NYSE,46,FY2014 Q4,0.9782608695652174,"Macy's, Inc.",FY2026 Q1,2,0.010869565217391353,1.0,46,1.0,0.9782608695652174,"Macy's, Inc.",M
0000799288,1.0,complete_available_history,Nasdaq,46,FY2014 Q4,1.0,"LANDS' END, INC.",FY2026 Q1,1,0.005555555555555536,1.0,45,1.0,0.9777777777777777,"LANDS' END, INC.",LE
0000814453,1.0,complete_available_history,Nasdaq,46,FY2015 Q1,1.0,NEWELL BRANDS INC.,FY2026 Q2,1,0.0,1.0,46,1.0,1.0,NEWELL BRANDS INC.,NWL
0000823768,1.0,complete_available_history,NYSE,46,FY2015 Q1,0.9782608695652174,WASTE MANAGEMENT INC,FY2026 Q2,1,0.04347826086956519,0.8695652173913043,46,1.0,0.9782608695652174,WASTE MANAGEMENT INC,WM
0000866729,1.0,complete_available_history,Nasdaq,48,FY2015 Q1,0.9130434782608695,SCHOLASTIC CORP,FY2026 Q4,1,0.048913043478260865,0.9782608695652174,46,0.9782608695652174,0.9347826086956522,SCHOLASTIC CORPORATION,SCHL
0000866787,1.0,complete_available_history,NYSE,46,FY2015 Q2,1.0,AUTOZONE INC,FY2026 Q3,1,0.005434782608695676,1.0,46,1.0,0.9782608695652174,AUTOZONE INC,AZO
0000883569,1.0,complete_available_history,Nasdaq,46,FY2014 Q4,1.0,"Fossil Group, Inc.",FY2026 Q1,1,0.24456521739130432,0.021739130434782608,46,1.0,1.0,"Fossil Group, Inc.",FOSL
0000884887,1.0,complete_available_history,NYSE,46,FY2014 Q4,0.9777777777777777,ROYAL CARIBBEAN CRUISES LTD,FY2026 Q1,1,0.005555555555555536,1.0,45,1.0,1.0,ROYAL CARIBBEAN CRUISES LTD,RCL
0000885245,1.0,complete_available_history,NYSE,46,FY2014 Q4,1.0,BUCKLE INC,FY2026 Q1,1,0.005434782608695676,1.0,46,1.0,0.9782608695652174,"BUCKLE, INC",BKE
0000885639,1.0,complete_available_history,NYSE,46,FY2014 Q4,0.9782608695652174,KOHLS Corp,FY2026 Q1,1,0.010869565217391353,1.0,46,1.0,0.9782608695652174,KOHL'S CORP,KSS
0000899051,1.0,complete_available_history,NYSE,46,FY2015 Q1,0.0,ALLSTATE CORP,FY2026 Q2,1,0.5,1.0,46,0.0,1.0,ALLSTATE CORP,ALL
0000908937,1.0,complete_available_history,Nasdaq,46,FY2015 Q1,0.9347826086956522,SIRIUS XM HOLDINGS INC.,FY2026 Q2,1,0.016304347826086918,1.0,46,1.0,1.0,SIRIUS XM HOLDINGS INC.,SIRI
0000909832,1.0,complete_available_history,Nasdaq,46,FY2015 Q2,0.9782608695652174,COSTCO WHOLESALE CORP /NEW,FY2026 Q3,1,0.010869565217391353,1.0,46,1.0,0.9782608695652174,COSTCO WHOLESALE CORP /NEW,COST
0000910521,1.0,complete_available_history,NYSE,46,FY2015 Q4,1.0,DECKERS OUTDOOR CORP,FY2027 Q1,2,0.06521739130434778,0.7391304347826086,46,1.0,1.0,DECKERS OUTDOOR CORP,DECK
0000912615,1.0,complete_available_history,Nasdaq,45,FY2015 Q4,0.9523809523809523,URBAN OUTFITTERS INC,FY2026 Q4,1,0.04761904761904767,0.9523809523809523,42,0.9523809523809523,0.9523809523809523,"Urban Outfitters, Inc.",URBN
0000916365,1.0,complete_available_history,Nasdaq,46,FY2015 Q1,1.0,TRACTOR SUPPLY CO /DE/,FY2026 Q2,1,0.0,1.0,46,1.0,1.0,TRACTOR SUPPLY CO /DE/,TSCO
0000919012,1.0,complete_available_history,NYSE,46,FY2014 Q4,1.0,AMERICAN EAGLE OUTFITTERS INC,FY2026 Q1,1,0.0,1.0,45,1.0,1.0,AMERICAN EAGLE OUTFITTERS INC,AEO
0001001250,1.0,complete_available_history,NYSE,45,FY2015 Q3,1.0,ESTEE LAUDER COMPANIES INC,FY2026 Q3,1,0.23333333333333328,0.06666666666666667,45,1.0,1.0,Estee Lauder Companies Inc,EL
0001018724,1.0,complete_available_history,Nasdaq,46,FY2015 Q1,0.9782608695652174,AMAZON COM INC,FY2026 Q2,2,0.010869565217391353,1.0,46,1.0,0.9782608695652174,AMAZON COM INC,AMZN
0001018840,1.0,complete_available_history,NYSE,46,FY2014 Q4,0.9565217391304348,ABERCROMBIE & FITCH CO /DE/,FY2026 Q1,1,0.03260869565217395,0.9130434782608695,46,1.0,1.0,Abercrombie & Fitch Co.,ANF
0001032975,1.0,complete_available_history,Nasdaq,46,FY2015 Q4,1.0,LOGITECH INTERNATIONAL S.A.,FY2027 Q1,1,0.17391304347826086,0.32608695652173914,46,1.0,0.9782608695652174,LOGITECH INTERNATIONAL S.A.,LOGI
0001037038,1.0,complete_available_history,NYSE,46,FY2015 Q4,1.0,RALPH LAUREN CORP,FY2027 Q1,1,0.0,1.0,46,1.0,1.0,Ralph Lauren Corporation,RL
0001041859,1.0,complete_available_history,Nasdaq,46,FY2014 Q4,1.0,"Childrens Place, Inc.",FY2026 Q1,1,0.17222222222222228,0.4,45,1.0,0.9111111111111111,"THE CHILDREN’S PLACE, INC.",PLCE
0001045810,1.0,complete_available_history,Nasdaq,46,FY2015 Q4,0.9545454545454546,NVIDIA CORP,FY2027 Q1,1,0.0625,0.9545454545454546,44,0.9545454545454546,0.8863636363636364,NVIDIA CORP,NVDA
0001048286,1.0,complete_available_history,Nasdaq,46,FY2015 Q1,0.0,MARRIOTT INTERNATIONAL INC /MD/,FY2026 Q2,1,0.25,1.0,46,1.0,1.0,MARRIOTT INTERNATIONAL INC /MD/,MAR
0001050797,1.0,complete_available_history,Nasdaq,46,FY2015 Q1,1.0,COLUMBIA SPORTSWEAR CO,FY2026 Q2,2,0.09782608695652173,0.6086956521739131,46,1.0,1.0,COLUMBIA SPORTSWEAR COMPANY,COLM
0001060822,1.0,complete_available_history,NYSE,47,FY2014 Q4,1.0,CARTERS INC,FY2026 Q2,2,0.0,1.0,47,1.0,1.0,"CARTER’S, INC.",CRI
0001065088,1.0,complete_available_history,Nasdaq,46,FY2015 Q1,1.0,EBAY INC,FY2026 Q2,1,0.005434782608695676,1.0,46,1.0,0.9782608695652174,eBay Inc.,EBAY
0001075531,1.0,complete_available_history,Nasdaq,46,FY2015 Q1,0.34782608695652173,Booking Holdings Inc.,FY2026 Q2,1,0.42391304347826086,0.0,46,1.0,0.9565217391304348,Booking Holdings Inc.,BKNG
0001084869,1.0,complete_available_history,Nasdaq,45,FY2015 Q3,0.9761904761904762,1 800 FLOWERS COM INC,FY2026 Q3,1,0.11309523809523814,0.6428571428571429,42,0.9761904761904762,0.9523809523809523,1 800 FLOWERS COM INC,FLWS
0001089063,1.0,complete_available_history,NYSE,46,FY2014 Q4,1.0,"DICK'S SPORTING GOODS, INC.",FY2026 Q1,1,0.2282608695652174,0.10869565217391304,46,1.0,0.9782608695652174,"DICK'S Sporting Goods, Inc.",DKS
0001113809,1.0,complete_available_history,NYSE,50,FY2014 Q4,0.6976744186046512,BUILD-A-BEAR WORKSHOP INC,FY2027 Q1,1,0.35465116279069764,0.9534883720930233,43,0.0,0.9302325581395349,BUILD-A-BEAR WORKSHOP INC,BBW
0001116132,1.0,complete_available_history,NYSE,45,FY2015 Q3,1.0,"TAPESTRY, INC.",FY2026 Q3,4,0.005555555555555536,1.0,45,1.0,0.9777777777777777,"Tapestry, Inc.",TPR
0001121788,1.0,complete_available_history,NYSE,45,FY2015 Q1,1.0,GARMIN LTD,FY2026 Q1,1,0.03888888888888886,1.0,45,1.0,0.8444444444444444,GARMIN LTD,GRMN
0001130713,1.0,complete_available_history,NYSE,46,FY2015 Q1,1.0,"BED BATH & BEYOND, INC.",FY2026 Q2,1,0.021739130434782594,0.9347826086956522,46,1.0,0.9782608695652174,"Bed, Bath & Beyond, Inc.",BBBY
0001132105,1.0,complete_available_history,Nasdaq,46,FY2014 Q4,0.9772727272727273,"SPORTSMAN'S WAREHOUSE HOLDINGS, INC.",FY2026 Q1,1,0.022727272727272707,0.9772727272727273,44,0.9772727272727273,0.9772727272727273,"SPORTSMAN’S WAREHOUSE HOLDINGS, INC.",SPWH
0001158449,1.0,complete_available_history,NYSE,49,FY2014 Q4,0.9565217391304348,ADVANCE AUTO PARTS INC,FY2026 Q4,1,0.048913043478260865,0.9565217391304348,46,0.9565217391304348,0.9347826086956522,"ADVANCE AUTO PARTS, INC.",AAP
0001177609,1.0,complete_available_history,Nasdaq,46,FY2014 Q4,1.0,"FIVE BELOW, INC",FY2026 Q1,1,0.0,1.0,45,1.0,1.0,"Five Below, Inc.",FIVE
0001254699,1.0,complete_available_history,OTC,46,FY2015 Q1,0.45652173913043476,QVC INC,FY2026 Q2,1,0.17391304347826086,1.0,46,1.0,0.8478260869565217,"QVC, Inc.",QVCCQ
0001258602,1.0,complete_available_history,NYSE,46,FY2015 Q1,0.0,NELNET INC,FY2026 Q2,1,0.6847826086956521,1.0,46,0.0,0.2608695652173913,"NELNET, INC.",NNI
0001269238,1.0,foreign_issuer_partial_history,Nasdaq,41,FY2015 Q4,0.0,Trip.com Group Ltd,FY2025 Q4,1,1.0,0.0,11,0.0,0.0,Trip.com Group Limited,TCOM
0001314727,1.0,post_ipo_partial_history,Nasdaq,33,FY2018 Q3,0.9696969696969697,Sonos Inc,FY2026 Q3,1,0.030303030303030276,0.9696969696969697,33,0.9696969696969697,0.9696969696969697,"SONOS, INC.",SONO
0001315098,1.0,post_ipo_partial_history,NYSE,22,FY2021 Q1,0.9545454545454546,Roblox Corp,FY2026 Q2,1,0.022727272727272707,1.0,22,1.0,0.9545454545454546,Roblox Corporation,RBLX
0001318008,1.0,complete_available_history,Nasdaq,49,FY2014 Q4,0.9782608695652174,Zumiez Inc,FY2026 Q4,1,0.021739130434782594,0.9782608695652174,46,0.9782608695652174,0.9782608695652174,ZUMIEZ INC,ZUMZ
0001324424,1.0,complete_available_history,Nasdaq,46,FY2015 Q1,0.30434782608695654,"Expedia Group, Inc.",FY2026 Q2,2,0.2065217391304348,1.0,46,1.0,0.8695652173913043,"EXPEDIA GROUP, INC.",EXPE
0001326380,1.0,complete_available_history,NYSE,46,FY2014 Q4,1.0,GameStop Corp.,FY2026 Q1,1,0.016304347826086918,1.0,46,1.0,0.9347826086956522,GameStop Corp.,GME
0001334036,1.0,complete_available_history,Nasdaq,46,FY2015 Q1,1.0,"Crocs, Inc.",FY2026 Q2,1,0.0,1.0,46,1.0,1.0,"CROCS, INC.",CROX
0001336917,1.0,complete_available_history,NYSE,49,FY2015 Q1,0.9772727272727273,"Under Armour, Inc.",FY2027 Q1,1,0.02840909090909094,0.9772727272727273,44,0.9772727272727273,0.9545454545454546,"UNDER ARMOUR, INC.",UAA
0001337634,1.0,post_ipo_partial_history,NYSE,3,FY2025 Q3,0.0,"StubHub Holdings, Inc.",FY2026 Q1,1,0.5,0.6666666666666666,3,0.6666666666666666,0.6666666666666666,"STUBHUB HOLDINGS, INC.",STUB
0001368458,1.0,complete_available_history,NYSE,46,FY2015 Q2,1.0,"Sally Beauty Holdings, Inc.",FY2026 Q3,1,0.06521739130434778,0.7608695652173914,46,1.0,0.9782608695652174,"SALLY BEAUTY HOLDINGS, INC.",SBH
0001370637,1.0,complete_available_history,NYSE,46,FY2015 Q1,1.0,ETSY INC,FY2026 Q2,1,0.005434782608695676,1.0,46,1.0,0.9782608695652174,"ETSY, INC",ETSY
0001378950,1.0,complete_available_history,Nasdaq,47,FY2014 Q4,1.0,"CarParts.com, Inc.",FY2026 Q2,1,0.11702127659574468,1.0,47,1.0,0.5319148936170213,"CARPARTS.COM, INC.",PRTS
0001397187,1.0,complete_available_history,Nasdaq,46,FY2014 Q4,1.0,lululemon athletica inc.,FY2026 Q1,1,0.03260869565217395,1.0,46,1.0,0.8695652173913043,lululemon athletica inc.,LULU
0001403568,1.0,complete_available_history,Nasdaq,45,FY2015 Q1,1.0,"Ulta Beauty, Inc.",FY2026 Q1,2,0.0,1.0,45,1.0,1.0,"ULTA BEAUTY, INC.",ULTA
0001428439,1.0,post_ipo_partial_history,Nasdaq,36,FY2017 Q3,0.9722222222222222,"ROKU, INC",FY2026 Q2,1,0.03472222222222221,0.9722222222222222,36,0.9722222222222222,0.9444444444444444,"Roku, Inc.",ROKU
0001433195,1.0,complete_available_history,Nasdaq,45,FY2015 Q2,0.5555555555555556,APPFOLIO INC,FY2026 Q2,1,0.1333333333333333,0.9777777777777777,45,0.9777777777777777,0.9555555555555556,"AppFolio, Inc.",APPF
0001484778,1.0,post_ipo_partial_history,Nasdaq,22,FY2021 Q1,1.0,ThredUp Inc.,FY2026 Q2,1,0.0,1.0,22,1.0,1.0,ThredUp Inc.,TDUP
0001490281,1.0,complete_available_history,Nasdaq,46,FY2015 Q1,1.0,"Groupon, Inc.",FY2026 Q2,1,0.005434782608695676,1.0,46,1.0,0.9782608695652174,"Groupon, Inc.",GRPN
0001493761,1.0,complete_available_history,Nasdaq,46,FY2015 Q1,1.0,Turtle Beach Corp,FY2026 Q2,1,0.010869565217391353,1.0,46,1.0,0.9565217391304348,TURTLE BEACH CORPORATION,TBCH
0001495320,1.0,complete_available_history,Nasdaq,46,FY2015 Q4,1.0,"Vera Bradley, Inc.",FY2027 Q1,1,0.005434782608695676,1.0,46,1.0,0.9782608695652174,"VERA BRADLEY, INC.",VRA
0001500435,1.0,complete_available_history,Nasdaq,45,FY2015 Q1,1.0,"GoPro, Inc.",FY2026 Q1,1,0.0,1.0,45,1.0,1.0,"GOPRO, INC.",GPRO
0001504776,1.0,post_ipo_partial_history,NYSE,20,FY2021 Q3,0.95,Warby Parker Inc.,FY2026 Q2,1,0.050000000000000044,0.95,20,0.95,0.95,Warby Parker Inc.,WRBY
0001523836,1.0,foreign_issuer_partial_history,NYSE,41,FY2015 Q4,0.0,"LightInTheBox Holding Co., Ltd.",FY2025 Q4,1,1.0,0.0,11,0.0,0.0,"LightInTheBox Holding Co., Ltd.",LITB
0001524025,1.0,complete_available_history,NYSE,46,FY2014 Q4,1.0,"TILLY'S, INC.",FY2026 Q1,1,0.03804347826086951,1.0,46,1.0,0.8478260869565217,"TILLY'S, INC.",TLYS
0001526520,1.0,complete_available_history,Nasdaq,46,FY2015 Q1,0.13043478260869565,"TripAdvisor, Inc.",FY2026 Q2,1,0.21739130434782605,1.0,46,1.0,1.0,"TRIPADVISOR, INC.",TRIP
0001531152,1.0,post_ipo_partial_history,NYSE,32,FY2018 Q2,0.96875,"BJ's Wholesale Club Holdings, Inc.",FY2026 Q1,1,0.03125,0.96875,32,0.96875,0.96875,"BJ’S WHOLESALE CLUB HOLDINGS, INC.",BJ
0001559720,1.0,post_ipo_partial_history,Nasdaq,22,FY2021 Q1,1.0,"Airbnb, Inc.",FY2026 Q2,1,0.0,1.0,22,1.0,1.0,"Airbnb, Inc.",ABNB
0001560968,0,sec_error,OTC,0,,0,Samsonite International SA/ADR,,1,1,0,0,0,0,,SMSGY
0001576942,1.0,post_ipo_partial_history,Nasdaq,35,FY2018 Q1,1.0,"Stitch Fix, Inc.",FY2026 Q3,1,0.0071428571428571175,1.0,35,1.0,0.9714285714285714,"STITCH FIX, INC.",SFIX
0001577552,1.0,foreign_issuer_partial_history,NYSE,45,FY2015 Q4,0.0,Alibaba Group Holding Ltd,FY2026 Q4,1,1.0,0.0,13,0.0,0.0,Alibaba Group Holding Limited,BABA
0001579157,1.0,complete_available_history,Nasdaq,46,FY2014 Q4,1.0,VINCE HOLDING CORP.,FY2026 Q1,1,0.005434782608695676,1.0,46,1.0,0.9782608695652174,VINCE HOLDING CORP.,VNCE
0001579298,1.0,complete_available_history,NYSE,46,FY2014 Q4,0.9545454545454546,"Burlington Stores, Inc.",FY2026 Q1,1,0.27840909090909094,0.9772727272727273,44,0.0,0.9545454545454546,"BURLINGTON STORES, INC.",BURL
0001616707,1.0,complete_available_history,NYSE,46,FY2015 Q1,1.0,Wayfair Inc.,FY2026 Q2,1,0.005434782608695676,1.0,46,1.0,0.9782608695652174,Wayfair Inc.,W
0001651562,1.0,post_ipo_partial_history,NYSE,22,FY2021 Q1,1.0,"Coursera, Inc.",FY2026 Q2,1,0.0,1.0,22,1.0,1.0,"COURSERA, INC.",COUR
0001670076,1.0,post_ipo_partial_history,Nasdaq,21,FY2021 Q1,0.0,"Frontier Group Holdings, Inc.",FY2026 Q1,1,0.25,1.0,21,1.0,1.0,"Frontier Group Holdings, Inc.",ULCC
0001670592,1.0,post_ipo_partial_history,NYSE,31,FY2018 Q3,0.9333333333333333,"YETI Holdings, Inc.",FY2026 Q1,1,0.06666666666666665,0.9333333333333333,30,0.9333333333333333,0.9333333333333333,"YETI Holdings, Inc.",YETI
0001687229,1.0,post_ipo_partial_history,NYSE,38,FY2017 Q1,0.0,Invitation Homes Inc.,FY2026 Q2,1,0.5197368421052632,1.0,38,0.18421052631578946,0.7368421052631579,Invitation Homes Inc.,INVH
0001687932,1.0,post_ipo_partial_history,NYSE,37,FY2017 Q1,1.0,"J.Jill, Inc.",FY2026 Q1,1,0.0,1.0,36,1.0,1.0,"J.Jill, Inc.",JILL
0001690511,1.0,foreign_issuer_partial_history,NYSE,29,FY2018 Q4,0.0,Canada Goose Holdings Inc.,FY2025 Q4,1,1.0,0.0,8,0.0,0.0,CANADA GOOSE HOLDINGS INC.,GOOS
0001691421,1.0,post_ipo_partial_history,NYSE,25,FY2020 Q2,0.0,"Lemonade, Inc.",FY2026 Q2,1,0.52,0.96,25,0.0,0.96,"Lemonade, Inc.",LMND
0001701758,1.0,post_ipo_partial_history,Nasdaq,32,FY2019 Q2,0.96875,Lovesac Co,FY2027 Q1,1,0.0546875,0.96875,32,0.96875,0.875,THE LOVESAC COMPANY,LOVE
0001704711,1.0,post_ipo_partial_history,Nasdaq,36,FY2017 Q3,0.7222222222222222,"Funko, Inc.",FY2026 Q2,1,0.11805555555555558,0.9444444444444444,36,0.9444444444444444,0.9166666666666666,"FUNKO, INC.",FNKO
0001746618,1.0,post_ipo_partial_history,NYSE,29,FY2019 Q2,0.9655172413793104,"Revolve Group, Inc.",FY2026 Q2,1,0.06896551724137934,0.8275862068965517,29,0.9655172413793104,0.9655172413793104,"REVOLVE GROUP, INC.",RVLV
0001762301,1.0,foreign_issuer_partial_history,NYSE,25,FY2019 Q4,0.0,Fiverr International Ltd.,FY2025 Q4,1,1.0,0.0,8,0.0,0.0,Fiverr International Ltd.,FVRR
0001766502,1.0,post_ipo_partial_history,NYSE,29,FY2019 Q1,1.0,"Chewy, Inc.",FY2026 Q1,1,0.0,1.0,29,1.0,1.0,"CHEWY, INC.",CHWY
0001787117,0,xbrl_missing,NYSE,0,,0,Reformation Inc.,,1,1,0,0,0,0,,REF
0001792781,1.0,post_ipo_partial_history,NYSE,20,FY2021 Q2,0.95,Torrid Holdings Inc.,FY2026 Q1,1,0.050000000000000044,0.95,20,0.95,0.95,TORRID HOLDINGS INC.,CURV
0001792789,1.0,post_ipo_partial_history,Nasdaq,23,FY2020 Q4,0.0,"DoorDash, Inc.",FY2026 Q2,1,0.28260869565217395,0.9565217391304348,23,0.9565217391304348,0.9565217391304348,"DOORDASH, INC.",DASH
0001817358,1.0,post_ipo_partial_history,Nasdaq,23,FY2020 Q3,0.9565217391304348,"Academy Sports & Outdoors, Inc.",FY2026 Q1,1,0.04347826086956519,0.9565217391304348,23,0.9565217391304348,0.9565217391304348,"Academy Sports and Outdoors, Inc.",ASO
0001828962,1.0,post_ipo_partial_history,Nasdaq,22,FY2021 Q1,0.9523809523809523,"Cricut, Inc.",FY2026 Q2,1,0.04761904761904767,0.9523809523809523,21,0.9523809523809523,0.9523809523809523,"Cricut, Inc.",CRCT
0001846576,1.0,post_ipo_partial_history,NYSE,21,FY2021 Q2,0.9523809523809523,"FIGS, Inc.",FY2026 Q2,1,0.04761904761904767,0.9523809523809523,21,0.9523809523809523,0.9523809523809523,"FIGS, Inc.",FIGS
0001856031,0.9,post_ipo_partial_history,Nasdaq,20,FY2021 Q3,0.05,Vivid Seats Inc.,FY2026 Q2,1,0.55,0.65,20,0.15,0.95,Vivid Seats Inc.,SEAT
0001856437,1.0,post_ipo_partial_history,NYSE,20,FY2021 Q2,0.95,Victoria's Secret & Co.,FY2026 Q1,1,0.050000000000000044,0.95,20,0.95,0.95,VICTORIA'S SECRET & CO.,VSXY
0001858985,1.0,foreign_issuer_partial_history,NYSE,17,FY2021 Q4,0.375,On Holding AG,FY2025 Q4,1,0.8125,0.0,8,0.375,0.0,On Holding AG,ONON
0001866757,1.0,post_ipo_partial_history,Nasdaq,20,FY2021 Q3,0.95,"Brilliant Earth Group, Inc.",FY2026 Q2,1,0.050000000000000044,0.95,20,0.95,0.95,"Brilliant Earth Group, Inc.",BRLT
0001875444,1.0,post_ipo_partial_history,Nasdaq,20,FY2021 Q3,0.95,"Arhaus, Inc.",FY2026 Q2,1,0.15000000000000002,0.55,20,0.95,0.95,"Arhaus, Inc.",ARHS
0001957132,1.0,foreign_issuer_partial_history,NYSE,11,FY2023 Q4,0.4,"SharkNinja, Inc.",FY2026 Q2,1,0.6,0.4,5,0.4,0.4,"SHARKNINJA, INC.",SN
0001977102,1.0,foreign_issuer_partial_history,NYSE,10,FY2023 Q4,0.9,Birkenstock Holding plc,FY2026 Q1,1,0.15000000000000002,0.9,10,0.9,0.7,Birkenstock Holding plc,BIRK
0002085187,1.0,post_ipo_partial_history,NYSE,2,FY2026 Q1,1.0,"Bob's Discount Furniture, Inc.",FY2026 Q2,1,0.0,1.0,2,1.0,1.0,"Bob's Discount Furniture, Inc.",BOBS
